"outcome","dataset","specification","n","estimate","se","df","p","lower","upper","excluded_cohort","excluded_n"
"most_influential_gd","elite","leave_one_month_out_baseline_SE",602,0.149712002972872,0.0367231901293791,600,5.18181590321502e-05,0.0775903889546381,0.221833616991107,"2015-01",2
"most_influential_gd","elite","leave_one_month_out_baseline_SE",602,0.155146785581568,0.0365925586103694,600,2.58961082127365e-05,0.0832817221505632,0.227011849012573,"2015-04",2
"most_influential_gd","elite","leave_one_month_out_baseline_SE",602,0.149712002972872,0.0367231901293791,600,5.18181590321498e-05,0.0775903889546381,0.221833616991107,"2015-05",2
"most_influential_gd","elite","leave_one_month_out_baseline_SE",597,0.155506110051564,0.0366575312442612,595,2.56721849816656e-05,0.0835122223887778,0.227499997714351,"2015-06",7
"most_influential_gd","elite","leave_one_month_out_baseline_SE",585,0.14957264957265,0.0369909060054414,583,5.97354049511626e-05,0.0769209795868846,0.222224319558415,"2015-07",19
"most_influential_gd","elite","leave_one_month_out_baseline_SE",558,0.15622032288699,0.0372849909705962,556,3.2455558377612e-05,0.0829836595090435,0.229456986264936,"2015-08",46
"most_influential_gd","elite","leave_one_month_out_baseline_SE",598,0.147741147741148,0.0368304636045387,596,6.80420349896087e-05,0.0754078753848942,0.220074420097401,"2015-09",6
"most_influential_gd","elite","leave_one_month_out_baseline_SE",573,0.149118826109976,0.0372038437739456,571,6.93085424775247e-05,0.076045742906494,0.222191909313459,"2015-10",31
"most_influential_gd","elite","leave_one_month_out_baseline_SE",582,0.150898909519599,0.0370068891056314,580,5.18624370975702e-05,0.0782150659870276,0.223582753052171,"2015-11",22
"most_influential_gd","elite","leave_one_month_out_baseline_SE",599,0.150977637279007,0.0367377701058164,597,4.51772564857185e-05,0.0788266564469226,0.223128618111092,"2015-12",5
"most_influential_gd","elite","leave_one_month_out_baseline_SE",603,0.150198040441943,0.0366968017643135,601,4.84126489422582e-05,0.0781284935852393,0.222267587298646,"2016-01",1
"most_influential_gd","elite","leave_one_month_out_baseline_SE",601,0.149223316798249,0.036749749074116,599,5.54658912177209e-05,0.0770492994509452,0.221397334145552,"2016-03",3
"most_influential_gd","elite","leave_one_month_out_baseline_SE",601,0.151948112438576,0.0366845562494954,599,3.93779702029093e-05,0.0799021293819449,0.223994095495207,"2016-08",3
"most_influential_gd","elite","leave_one_month_out_baseline_SE",602,0.149712002972872,0.0367231901293791,600,5.18181590321502e-05,0.0775903889546381,0.221833616991107,"2016-10",2
"most_influential_gd","elite","leave_one_month_out_baseline_SE",601,0.149223316798249,0.036749749074116,599,5.54658912177209e-05,0.0770492994509452,0.221397334145552,"2016-11",3
"most_influential_gd","elite","leave_one_month_out_baseline_SE",601,0.149223316798249,0.0367497490741161,599,5.54658912177206e-05,0.0770492994509452,0.221397334145552,"2017-02",3
"most_influential_gd","elite","leave_one_month_out_baseline_SE",603,0.150198040441943,0.0366968017643135,601,4.84126489422576e-05,0.0781284935852394,0.222267587298646,"2017-05",1
"most_influential_gd","elite","leave_one_month_out_baseline_SE",603,0.150198040441943,0.0366968017643135,601,4.84126489422586e-05,0.0781284935852392,0.222267587298646,"2017-06",1
"most_influential_gd","elite","leave_one_month_out_baseline_SE",603,0.152093724625913,0.0367544345714864,601,4.00188554758432e-05,0.0799109916031862,0.22427645764864,"2017-08",1
"most_influential_gd","elite","leave_one_month_out_baseline_SE",600,0.152056404230317,0.0369232608470413,598,4.35651033379616e-05,0.0795413760097628,0.224571432450871,"2017-09",4
"most_influential_gd","elite","leave_one_month_out_baseline_SE",532,0.0993993993993994,0.0405370249468642,530,0.0145254071177162,0.0197664393952428,0.179032359403556,"2017-10",72
"most_influential_gd","elite","leave_one_month_out_baseline_SE",570,0.151621621621621,0.0388360088226739,568,0.000105913488203009,0.0753419028184256,0.227901340424817,"2017-11",34
"most_influential_gd","elite","leave_one_month_out_baseline_SE",567,0.146494718068322,0.0389385902841978,565,0.000186006663939315,0.0700126468120146,0.22297678932463,"2017-12",37
"most_influential_gd","elite","leave_one_month_out_baseline_SE",596,0.149055249940206,0.0370936601930012,594,6.61404358510625e-05,0.0762045729355619,0.22190592694485,"2018-01",8
"most_influential_gd","elite","leave_one_month_out_baseline_SE",599,0.149132538652189,0.0369212429802991,597,6.0632509139787e-05,0.0766212270811436,0.221643850223235,"2018-02",5
"most_influential_gd","elite","leave_one_month_out_baseline_SE",603,0.152093724625913,0.0367544345714864,601,4.00188554758425e-05,0.0799109916031863,0.224276457648641,"2018-03",1
"most_influential_gd","elite","leave_one_month_out_baseline_SE",603,0.147801879132351,0.0366679254662777,601,6.27270868464166e-05,0.0757890429865076,0.219814715278195,"2018-04",1
"most_influential_gd","elite","leave_one_month_out_baseline_SE",591,0.156463250580898,0.0375440577280765,589,3.54235581355741e-05,0.0827267302850837,0.230199770876712,"2018-05",13
"most_influential_gd","elite","leave_one_month_out_baseline_SE",603,0.152093724625913,0.0367544345714864,601,4.00188554758429e-05,0.0799109916031863,0.22427645764864,"2018-06",1
"most_influential_gd","elite","leave_one_month_out_baseline_SE",600,0.152056404230317,0.0369232608470413,598,4.35651033379616e-05,0.0795413760097628,0.224571432450871,"2018-07",4
"most_influential_gd","elite","leave_one_month_out_baseline_SE",599,0.149132538652189,0.036921242980299,597,6.06325091397852e-05,0.0766212270811438,0.221643850223235,"2018-08",5
"most_influential_gd","elite","leave_one_month_out_baseline_SE",596,0.162329586223392,0.0373566365402211,594,1.63520093834354e-05,0.0889624326879471,0.235696739758836,"2018-09",8
"most_influential_gd","elite","leave_one_month_out_baseline_SE",603,0.152093724625914,0.0367544345714864,601,4.00188554758429e-05,0.0799109916031864,0.224276457648641,"2018-10",1
"most_influential_gd","elite","leave_one_month_out_baseline_SE",603,0.152093724625913,0.0367544345714864,601,4.00188554758425e-05,0.0799109916031863,0.224276457648641,"2018-11",1
"most_influential_gd","elite","leave_one_month_out_baseline_SE",593,0.157944491576779,0.0374517001133547,591,2.86049577271967e-05,0.0843898741390968,0.23149910901446,"2018-12",11
"most_influential_gd","elite","leave_one_month_out_baseline_SE",597,0.152018097392547,0.0370957499101075,595,4.74581280804947e-05,0.0791635662458757,0.224872628539218,"2019-01",7
"most_influential_gd","elite","leave_one_month_out_baseline_SE",600,0.156404230317273,0.0370092342679003,598,2.74944894537034e-05,0.0837203555512955,0.229088105083251,"2019-02",4
"most_influential_gd","elite","leave_one_month_out_baseline_SE",596,0.15790480746233,0.0372715186681873,594,2.62991286932941e-05,0.0847048225096184,0.231104792415041,"2019-03",8
"most_influential_gd","elite","leave_one_month_out_baseline_SE",603,0.152093724625914,0.0367544345714864,601,4.00188554758423e-05,0.0799109916031864,0.224276457648641,"2019-05",1
"most_influential_gd","elite","leave_one_month_out_baseline_SE",602,0.153518173345759,0.0368388253397918,600,3.5359287776509e-05,0.0811694603749854,0.225866886316533,"2019-06",2
"most_influential_gd","elite","leave_one_month_out_baseline_SE",603,0.147801879132351,0.0366679254662777,601,6.27270868464166e-05,0.0757890429865076,0.219814715278195,"2019-07",1
"most_influential_gd","elite","leave_one_month_out_baseline_SE",603,0.147801879132351,0.0366679254662777,601,6.27270868464169e-05,0.0757890429865076,0.219814715278195,"2019-08",1
"most_influential_gd","elite","leave_one_month_out_baseline_SE",602,0.153518173345759,0.0368388253397918,600,3.5359287776509e-05,0.0811694603749854,0.225866886316533,"2019-12",2
"most_influential_gd","elite","leave_one_month_out_baseline_SE",603,0.147801879132351,0.0366679254662777,601,6.27270868464166e-05,0.0757890429865076,0.219814715278195,"2020-01",1
"most_influential_gd","elite","leave_one_month_out_baseline_SE",602,0.15242939427722,0.036658206993034,600,3.67667477180208e-05,0.0804354023054546,0.224423386248986,"2020-02",2
"most_influential_gd","elite","leave_one_month_out_baseline_SE",598,0.153235653235653,0.0366981269292345,596,3.41636916197007e-05,0.0811622837923874,0.225309022678919,"2020-12",6
"most_influential_gd","elite","leave_one_month_out_baseline_SE",451,0.144728031824806,0.0405417406789874,449,0.000395699585954138,0.0650529110190804,0.224403152630532,"2021-01",153
"most_influential_gd","elite","leave_one_month_out_baseline_SE",557,0.149493265592337,0.0374843212914553,555,7.55050038573583e-05,0.0758647802581491,0.223121750926524,"2021-02",47
"most_influential_gd","elite","leave_one_month_out_baseline_SE",601,0.149223316798249,0.0367497490741161,599,5.54658912177206e-05,0.0770492994509452,0.221397334145552,"2021-03",3
"prop_speakingtime_sarpanch","elite","leave_one_month_out_baseline_SE",601,0.0509525140315332,0.0133965549786506,599,0.000157356866817744,0.0246425876841929,0.0772624403788734,"2015-01",2
"prop_speakingtime_sarpanch","elite","leave_one_month_out_baseline_SE",601,0.0532685903258111,0.0133776272816657,599,7.67623482374092e-05,0.0269958366929777,0.0795413439586446,"2015-04",2
"prop_speakingtime_sarpanch","elite","leave_one_month_out_baseline_SE",601,0.0510887538135495,0.0134016827156654,599,0.000152039366971544,0.0247687569381216,0.0774087506889773,"2015-05",2
"prop_speakingtime_sarpanch","elite","leave_one_month_out_baseline_SE",596,0.0535264673938707,0.0133870724968592,594,7.18170258103505e-05,0.0272347159346699,0.0798182188530715,"2015-06",7
"prop_speakingtime_sarpanch","elite","leave_one_month_out_baseline_SE",584,0.0547125763125762,0.0134798668278365,582,5.60576772266947e-05,0.028237465468646,0.0811876871565065,"2015-07",19
"prop_speakingtime_sarpanch","elite","leave_one_month_out_baseline_SE",557,0.0544682596385383,0.0136594430758403,555,7.5679773808248e-05,0.0276377323798805,0.0812987868971962,"2015-08",46
"prop_speakingtime_sarpanch","elite","leave_one_month_out_baseline_SE",597,0.0515349297167479,0.0134553342706906,595,0.000141700362310348,0.0251092051502308,0.0779606542832649,"2015-09",6
"prop_speakingtime_sarpanch","elite","leave_one_month_out_baseline_SE",573,0.0491528628696769,0.0135662619372288,571,0.000316963436685563,0.0225069981756209,0.0757987275637329,"2015-10",30
"prop_speakingtime_sarpanch","elite","leave_one_month_out_baseline_SE",581,0.0492438237395009,0.0135474129401899,579,0.000302811889622008,0.02263576177138,0.0758518857076217,"2015-11",22
"prop_speakingtime_sarpanch","elite","leave_one_month_out_baseline_SE",598,0.0507356532356531,0.0134087241336021,596,0.000170067787613605,0.0244015591248696,0.0770697473464367,"2015-12",5
"prop_speakingtime_sarpanch","elite","leave_one_month_out_baseline_SE",602,0.0517939427722035,0.0134024745539744,600,0.000123445608386324,0.0254724795968776,0.0781154059475295,"2016-01",1
"prop_speakingtime_sarpanch","elite","leave_one_month_out_baseline_SE",600,0.0513359955163233,0.0134033482537383,598,0.000141622413698712,0.0250126385166224,0.0776593525160242,"2016-03",3
"prop_speakingtime_sarpanch","elite","leave_one_month_out_baseline_SE",600,0.0518551211993834,0.0133975725479198,598,0.000120569550605257,0.0255431073330031,0.0781671350657638,"2016-08",3
"prop_speakingtime_sarpanch","elite","leave_one_month_out_baseline_SE",601,0.0524511516337129,0.01339857935964,599,0.000100922495294278,0.0261372495392633,0.0787650537281626,"2016-10",2
"prop_speakingtime_sarpanch","elite","leave_one_month_out_baseline_SE",600,0.0522922796693288,0.0134211100155209,598,0.000108718283109508,0.025934039654765,0.0786505196838926,"2016-11",3
"prop_speakingtime_sarpanch","elite","leave_one_month_out_baseline_SE",600,0.0521556676474709,0.0134243620055549,598,0.000113687601599704,0.0257910409231832,0.0785202943717585,"2017-02",3
"prop_speakingtime_sarpanch","elite","leave_one_month_out_baseline_SE",602,0.0522015514678557,0.0134011154776064,600,0.000109099434346482,0.0258827574174311,0.0785203455182803,"2017-05",1
"prop_speakingtime_sarpanch","elite","leave_one_month_out_baseline_SE",602,0.0520656819026383,0.0134029534444847,600,0.000113880183372116,0.0257432782219689,0.0783880855833077,"2017-06",1
"prop_speakingtime_sarpanch","elite","leave_one_month_out_baseline_SE",602,0.0528571594728822,0.013398828010451,600,8.92670572060385e-05,0.0265428578378137,0.0791714611079507,"2017-08",1
"prop_speakingtime_sarpanch","elite","leave_one_month_out_baseline_SE",599,0.0538767526805703,0.0134556255754527,597,7.01216881076291e-05,0.0274506364470079,0.0803028689141328,"2017-09",4
"prop_speakingtime_sarpanch","elite","leave_one_month_out_baseline_SE",531,0.0486389641674195,0.0150230409781175,529,0.00128085072146254,0.0191268231327352,0.0781511052021038,"2017-10",72
"prop_speakingtime_sarpanch","elite","leave_one_month_out_baseline_SE",569,0.0527550135501356,0.0143082585069056,567,0.000248692499992324,0.0246513520545343,0.080858675045737,"2017-11",34
"prop_speakingtime_sarpanch","elite","leave_one_month_out_baseline_SE",566,0.0507458764942981,0.0140981740076684,564,0.000346945231715802,0.0230545387955194,0.0784372141930767,"2017-12",37
"prop_speakingtime_sarpanch","elite","leave_one_month_out_baseline_SE",595,0.0503373144350912,0.0135542988168609,593,0.000223485114037485,0.0237170445641086,0.0769575843060738,"2018-01",8
"prop_speakingtime_sarpanch","elite","leave_one_month_out_baseline_SE",598,0.0513113454278647,0.0135363559879211,596,0.00016555100760879,0.0247265884479164,0.0778961024078131,"2018-02",5
"prop_speakingtime_sarpanch","elite","leave_one_month_out_baseline_SE",602,0.0528571594728822,0.013398828010451,600,8.92670572060384e-05,0.0265428578378137,0.0791714611079507,"2018-03",1
"prop_speakingtime_sarpanch","elite","leave_one_month_out_baseline_SE",602,0.0511404212754574,0.0134047049307264,600,0.000150226229007704,0.0248145778060813,0.0774662647448335,"2018-04",1
"prop_speakingtime_sarpanch","elite","leave_one_month_out_baseline_SE",590,0.0528029773510405,0.0137351929039885,588,0.000134046608737752,0.0258269673469473,0.0797789873551338,"2018-05",13
"prop_speakingtime_sarpanch","elite","leave_one_month_out_baseline_SE",602,0.052427974923526,0.0134210779939398,600,0.000104338215955975,0.0260699759757938,0.0787859738712582,"2018-06",1
"prop_speakingtime_sarpanch","elite","leave_one_month_out_baseline_SE",599,0.0508332744197008,0.0135157417847793,597,0.000185872028211979,0.0242890932231771,0.0773774556162244,"2018-07",4
"prop_speakingtime_sarpanch","elite","leave_one_month_out_baseline_SE",598,0.0491279393143276,0.0134503853402111,596,0.000282528557116842,0.0227120245825306,0.0755438540461247,"2018-08",5
"prop_speakingtime_sarpanch","elite","leave_one_month_out_baseline_SE",595,0.0545408542581,0.0135480878129713,593,6.4167562663066e-05,0.027932782627834,0.0811489258883661,"2018-09",8
"prop_speakingtime_sarpanch","elite","leave_one_month_out_baseline_SE",602,0.0530717517475603,0.0133824840871736,600,8.19928120442097e-05,0.0267895483621809,0.0793539551329397,"2018-10",1
"prop_speakingtime_sarpanch","elite","leave_one_month_out_baseline_SE",602,0.0528571594728822,0.013398828010451,600,8.92670572060391e-05,0.0265428578378137,0.0791714611079507,"2018-11",1
"prop_speakingtime_sarpanch","elite","leave_one_month_out_baseline_SE",592,0.0531487355232295,0.0135045845132926,590,9.28767227981237e-05,0.0266258273677707,0.0796716436786883,"2018-12",11
"prop_speakingtime_sarpanch","elite","leave_one_month_out_baseline_SE",596,0.0513990664135716,0.0135413089112049,594,0.000162320980838544,0.0248043999240019,0.0779937329031413,"2019-01",7
"prop_speakingtime_sarpanch","elite","leave_one_month_out_baseline_SE",599,0.0517028396370921,0.0134988988075875,597,0.000141609357060071,0.0251917371310013,0.078213942143183,"2019-02",4
"prop_speakingtime_sarpanch","elite","leave_one_month_out_baseline_SE",595,0.0518859870014629,0.0134674540051202,593,0.00012955841062805,0.0254362779508274,0.0783356960520984,"2019-03",8
"prop_speakingtime_sarpanch","elite","leave_one_month_out_baseline_SE",602,0.0517841980994917,0.013428467739528,600,0.000127557465229324,0.0254116862410585,0.0781567099579249,"2019-05",1
"prop_speakingtime_sarpanch","elite","leave_one_month_out_baseline_SE",601,0.0518291514811699,0.0134601742114629,599,0.000130534182989487,0.0253942812708563,0.0782640216914834,"2019-06",2
"prop_speakingtime_sarpanch","elite","leave_one_month_out_baseline_SE",602,0.0519987903741698,0.0134294639646948,600,0.000119803627873108,0.0256243220036061,0.0783732587447335,"2019-07",1
"prop_speakingtime_sarpanch","elite","leave_one_month_out_baseline_SE",602,0.0519987903741698,0.0134294639646948,600,0.000119803627873108,0.0256243220036061,0.0783732587447335,"2019-08",1
"prop_speakingtime_sarpanch","elite","leave_one_month_out_baseline_SE",601,0.0520446687225492,0.0134542409020696,599,0.000121621326795741,0.025621451129896,0.0784678863152024,"2019-12",2
"prop_speakingtime_sarpanch","elite","leave_one_month_out_baseline_SE",602,0.0517841980994917,0.013428467739528,600,0.000127557465229325,0.0254116862410585,0.0781567099579249,"2020-01",1
"prop_speakingtime_sarpanch","elite","leave_one_month_out_baseline_SE",601,0.052451151633713,0.01339857935964,599,0.000100922495294277,0.0261372495392633,0.0787650537281626,"2020-02",2
"prop_speakingtime_sarpanch","elite","leave_one_month_out_baseline_SE",597,0.0526368580914035,0.0134190347445491,595,9.78314142423185e-05,0.0262824243052129,0.0789912918775942,"2020-12",6
"prop_speakingtime_sarpanch","elite","leave_one_month_out_baseline_SE",450,0.0449501424501424,0.0151193874255558,448,0.00310792900213194,0.0152364136632753,0.0746638712370095,"2021-01",153
"prop_speakingtime_sarpanch","elite","leave_one_month_out_baseline_SE",556,0.0556914583001541,0.0137539343225445,554,5.87358204768508e-05,0.0286752202696108,0.0827076963306973,"2021-02",47
"prop_speakingtime_sarpanch","elite","leave_one_month_out_baseline_SE",600,0.052019055625613,0.0134262156339864,598,0.00011867668312407,0.0256507884883462,0.0783873227628798,"2021-03",3
"i_decide_masik_sabha","elite","leave_one_month_out_baseline_SE",593,0.11308716044092,0.0375147308463502,591,0.00268465026206571,0.0394087515214564,0.186765569360384,"2015-01",2
"i_decide_masik_sabha","elite","leave_one_month_out_baseline_SE",593,0.115872675761255,0.0374545985505612,591,0.00207024376923615,0.042312365833266,0.189432985689244,"2015-04",2
"i_decide_masik_sabha","elite","leave_one_month_out_baseline_SE",593,0.115872675761255,0.0374545985505612,591,0.00207024376923615,0.042312365833266,0.189432985689244,"2015-05",2
"i_decide_masik_sabha","elite","leave_one_month_out_baseline_SE",588,0.118571635520788,0.0374821828024759,586,0.00164004274779366,0.0449558615721155,0.192187409469461,"2015-06",7
"i_decide_masik_sabha","elite","leave_one_month_out_baseline_SE",576,0.111336032388664,0.0378622017808079,574,0.00340821142261054,0.0369706758473705,0.185701388929957,"2015-07",19
"i_decide_masik_sabha","elite","leave_one_month_out_baseline_SE",550,0.096938223520502,0.0387262312945085,548,0.0125986144735694,0.0208681959563701,0.173008251084634,"2015-08",45
"i_decide_masik_sabha","elite","leave_one_month_out_baseline_SE",589,0.113518719152522,0.037575508440728,587,0.00262836857997669,0.039719911934038,0.187317526371005,"2015-09",6
"i_decide_masik_sabha","elite","leave_one_month_out_baseline_SE",569,0.106875877025131,0.0380980101779054,567,0.00519968846224595,0.0320454159191144,0.181706338131148,"2015-10",26
"i_decide_masik_sabha","elite","leave_one_month_out_baseline_SE",575,0.107777527132366,0.0379599172604309,573,0.00468248601185526,0.0332199721536423,0.182335082111089,"2015-11",20
"i_decide_masik_sabha","elite","leave_one_month_out_baseline_SE",590,0.114112167482954,0.0375449935592106,588,0.00247630003631217,0.0403735510007073,0.187850783965201,"2015-12",5
"i_decide_masik_sabha","elite","leave_one_month_out_baseline_SE",594,0.113675213675213,0.0374848115968954,592,0.0025309688754652,0.040055820931752,0.187294606418674,"2016-01",1
"i_decide_masik_sabha","elite","leave_one_month_out_baseline_SE",592,0.115289118082414,0.0374845401334275,590,0.00219770766956331,0.0416697472509822,0.188908488913846,"2016-03",3
"i_decide_masik_sabha","elite","leave_one_month_out_baseline_SE",592,0.115289118082414,0.0374845401334275,590,0.00219770766956333,0.0416697472509821,0.188908488913846,"2016-08",3
"i_decide_masik_sabha","elite","leave_one_month_out_baseline_SE",593,0.113087160440921,0.0375147308463502,591,0.00268465026206568,0.0394087515214565,0.186765569360385,"2016-10",2
"i_decide_masik_sabha","elite","leave_one_month_out_baseline_SE",592,0.112495821993029,0.0375448383860474,590,0.00284750953913743,0.0387580258213284,0.18623361816473,"2016-11",3
"i_decide_masik_sabha","elite","leave_one_month_out_baseline_SE",592,0.1180824141718,0.0374235607217301,590,0.00168500748620662,0.044582806472231,0.191582021871369,"2017-02",3
"i_decide_masik_sabha","elite","leave_one_month_out_baseline_SE",594,0.113675213675213,0.0374848115968954,592,0.0025309688754652,0.040055820931752,0.187294606418674,"2017-05",1
"i_decide_masik_sabha","elite","leave_one_month_out_baseline_SE",594,0.116452991452991,0.0374248450516129,592,0.00195008309252853,0.0429513717610821,0.1899546111449,"2017-06",1
"i_decide_masik_sabha","elite","leave_one_month_out_baseline_SE",594,0.115653941721256,0.0375371412096044,592,0.00215847116384674,0.0419317747034686,0.189376108739044,"2017-08",1
"i_decide_masik_sabha","elite","leave_one_month_out_baseline_SE",591,0.111212814645309,0.0376114298335073,589,0.00323211112796092,0.0373439755507269,0.185081653739891,"2017-09",4
"i_decide_masik_sabha","elite","leave_one_month_out_baseline_SE",523,0.12280701754386,0.0429178606981947,521,0.00438665489395927,0.0384936911825702,0.20712034390515,"2017-10",72
"i_decide_masik_sabha","elite","leave_one_month_out_baseline_SE",561,0.129473684210526,0.0398662602715247,559,0.00123318078241544,0.0511677056919118,0.207779662729141,"2017-11",34
"i_decide_masik_sabha","elite","leave_one_month_out_baseline_SE",558,0.0991183542612879,0.0393994606373022,556,0.0121593126660591,0.0217283653984151,0.176508343124161,"2017-12",37
"i_decide_masik_sabha","elite","leave_one_month_out_baseline_SE",587,0.116907312529111,0.0379531268633181,585,0.00216495927090285,0.0423663311005267,0.191448293957695,"2018-01",8
"i_decide_masik_sabha","elite","leave_one_month_out_baseline_SE",590,0.116984601241094,0.0377846317356617,588,0.00205426798113275,0.0427753337901647,0.191193868692024,"2018-02",5
"i_decide_masik_sabha","elite","leave_one_month_out_baseline_SE",594,0.115653941721256,0.0375371412096044,592,0.00215847116384673,0.0419317747034686,0.189376108739044,"2018-03",1
"i_decide_masik_sabha","elite","leave_one_month_out_baseline_SE",594,0.115653941721256,0.0375371412096044,592,0.00215847116384674,0.0419317747034685,0.189376108739044,"2018-04",1
"i_decide_masik_sabha","elite","leave_one_month_out_baseline_SE",582,0.110740652536318,0.0381161035609161,580,0.00380832950294971,0.0358782424757185,0.185603062596918,"2018-05",13
"i_decide_masik_sabha","elite","leave_one_month_out_baseline_SE",594,0.115653941721256,0.0375371412096044,592,0.00215847116384675,0.0419317747034685,0.189376108739044,"2018-06",1
"i_decide_masik_sabha","elite","leave_one_month_out_baseline_SE",591,0.106864988558353,0.0375202363264333,589,0.00455027661196593,0.0331752534896034,0.180554723627102,"2018-07",4
"i_decide_masik_sabha","elite","leave_one_month_out_baseline_SE",590,0.116984601241094,0.0377846317356617,588,0.00205426798113273,0.0427753337901649,0.191193868692024,"2018-08",5
"i_decide_masik_sabha","elite","leave_one_month_out_baseline_SE",587,0.112482533768049,0.0378624556935899,585,0.00309197966522714,0.0381196330020451,0.186845434534052,"2018-09",8
"i_decide_masik_sabha","elite","leave_one_month_out_baseline_SE",594,0.115653941721255,0.0375371412096044,592,0.00215847116384689,0.0419317747034678,0.189376108739043,"2018-10",1
"i_decide_masik_sabha","elite","leave_one_month_out_baseline_SE",594,0.111362096227693,0.0374503200914741,592,0.00306312179077348,0.0378104440857118,0.184913748369675,"2018-11",1
"i_decide_masik_sabha","elite","leave_one_month_out_baseline_SE",584,0.107859334434742,0.0379371993359867,582,0.00462450303588957,0.0333488388670545,0.182369830002429,"2018-12",11
"i_decide_masik_sabha","elite","leave_one_month_out_baseline_SE",588,0.119870159981452,0.0379551692603593,586,0.00166913077749606,0.0453254309516986,0.194414889011205,"2019-01",7
"i_decide_masik_sabha","elite","leave_one_month_out_baseline_SE",591,0.119908466819222,0.0377866034960533,589,0.00158567912962121,0.0456955866937752,0.194121346944669,"2019-02",4
"i_decide_masik_sabha","elite","leave_one_month_out_baseline_SE",587,0.103632976245925,0.0376735302069242,585,0.00612874259550849,0.0296411303140498,0.177624822177799,"2019-03",8
"i_decide_masik_sabha","elite","leave_one_month_out_baseline_SE",594,0.115653941721256,0.0375371412096044,592,0.00215847116384673,0.0419317747034686,0.189376108739044,"2019-05",1
"i_decide_masik_sabha","elite","leave_one_month_out_baseline_SE",593,0.112749546279492,0.0375330606657291,591,0.00277729786853945,0.0390351378500448,0.186463954708939,"2019-06",2
"i_decide_masik_sabha","elite","leave_one_month_out_baseline_SE",594,0.115653941721256,0.0375371412096044,592,0.00215847116384674,0.0419317747034686,0.189376108739044,"2019-07",1
"i_decide_masik_sabha","elite","leave_one_month_out_baseline_SE",594,0.111362096227693,0.0374503200914741,592,0.00306312179077351,0.0378104440857117,0.184913748369675,"2019-08",1
"i_decide_masik_sabha","elite","leave_one_month_out_baseline_SE",593,0.117059891107079,0.0376197472433901,591,0.00195016205835054,0.0431752314463777,0.190944550767779,"2019-12",2
"i_decide_masik_sabha","elite","leave_one_month_out_baseline_SE",594,0.115653941721256,0.0375371412096044,592,0.00215847116384674,0.0419317747034686,0.189376108739044,"2020-01",1
"i_decide_masik_sabha","elite","leave_one_month_out_baseline_SE",593,0.115872675761255,0.0374545985505612,591,0.00207024376923617,0.0423123658332658,0.189432985689244,"2020-02",2
"i_decide_masik_sabha","elite","leave_one_month_out_baseline_SE",589,0.113518719152522,0.037575508440728,587,0.00262836857997668,0.0397199119340381,0.187317526371005,"2020-12",6
"i_decide_masik_sabha","elite","leave_one_month_out_baseline_SE",443,0.123829386987282,0.0413906897988687,441,0.0029296801307305,0.0424818708177433,0.205176903156821,"2021-01",152
"i_decide_masik_sabha","elite","leave_one_month_out_baseline_SE",548,0.133703522238554,0.0378818799849621,546,0.000451498214712606,0.059291452632488,0.208115591844621,"2021-02",47
"i_decide_masik_sabha","elite","leave_one_month_out_baseline_SE",592,0.112495821993029,0.0375448383860474,590,0.0028475095391375,0.0387580258213281,0.186233618164729,"2021-03",3
"sarpanch_maratha","elite","leave_one_month_out_baseline_SE",601,0.0967764508303788,0.0379693296383448,599,0.0110575212102437,0.0222072598827997,0.171345641777958,"2015-01",2
"sarpanch_maratha","elite","leave_one_month_out_baseline_SE",601,0.0967764508303789,0.0379693296383448,599,0.0110575212102436,0.0222072598827998,0.171345641777958,"2015-04",2
"sarpanch_maratha","elite","leave_one_month_out_baseline_SE",601,0.0967764508303788,0.0379693296383448,599,0.0110575212102437,0.0222072598827998,0.171345641777958,"2015-05",2
"sarpanch_maratha","elite","leave_one_month_out_baseline_SE",596,0.101821965263245,0.0379593998230488,594,0.00751321259402773,0.0272710053037628,0.176372925222727,"2015-06",7
"sarpanch_maratha","elite","leave_one_month_out_baseline_SE",584,0.102551875084064,0.0381639490374617,582,0.00741270068506812,0.0275960321285242,0.177507718039604,"2015-07",19
"sarpanch_maratha","elite","leave_one_month_out_baseline_SE",557,0.0989906215228103,0.0387875670102864,555,0.0109736412922362,0.0228022390105546,0.175179004035066,"2015-08",46
"sarpanch_maratha","elite","leave_one_month_out_baseline_SE",597,0.0997028722350612,0.0379832808459094,595,0.00888977059007034,0.0251052667372124,0.17430047773291,"2015-09",6
"sarpanch_maratha","elite","leave_one_month_out_baseline_SE",572,0.109233164951194,0.0382550467334218,570,0.00445491459828028,0.0340951053767089,0.18437122452568,"2015-10",31
"sarpanch_maratha","elite","leave_one_month_out_baseline_SE",581,0.0977134823146367,0.0383191051452422,579,0.0110289273984743,0.0224520926479205,0.172974871981353,"2015-11",22
"sarpanch_maratha","elite","leave_one_month_out_baseline_SE",598,0.100335116702922,0.037953257926013,596,0.00841759501800624,0.0257967298977362,0.174873503508108,"2015-12",5
"sarpanch_maratha","elite","leave_one_month_out_baseline_SE",602,0.0974097723809857,0.0379397721364428,600,0.010485049191942,0.0228988817877629,0.171920662974208,"2016-01",1
"sarpanch_maratha","elite","leave_one_month_out_baseline_SE",600,0.098864473576499,0.0379467098450988,598,0.00940645673684704,0.0243394540584838,0.173389493094514,"2016-03",3
"sarpanch_maratha","elite","leave_one_month_out_baseline_SE",600,0.098864473576499,0.0379467098450988,598,0.00940645673684706,0.0243394540584837,0.173389493094514,"2016-08",3
"sarpanch_maratha","elite","leave_one_month_out_baseline_SE",601,0.0994938421347267,0.0379170971855581,599,0.00891232698886479,0.0250272321856169,0.173960452083837,"2016-10",2
"sarpanch_maratha","elite","leave_one_month_out_baseline_SE",600,0.098864473576499,0.0379467098450988,598,0.00940645673684709,0.0243394540584837,0.173389493094514,"2016-11",3
"sarpanch_maratha","elite","leave_one_month_out_baseline_SE",600,0.0961396779361717,0.0379990625655191,598,0.0116600651301648,0.021511840874104,0.170767514998239,"2017-02",3
"sarpanch_maratha","elite","leave_one_month_out_baseline_SE",602,0.100119799481257,0.0378876600706142,600,0.00844335866157291,0.0257112531093322,0.174528345853181,"2017-05",1
"sarpanch_maratha","elite","leave_one_month_out_baseline_SE",602,0.100119799481257,0.0378876600706142,600,0.00844335866157293,0.0257112531093322,0.174528345853181,"2017-06",1
"sarpanch_maratha","elite","leave_one_month_out_baseline_SE",602,0.0994641192917055,0.0379922119612297,600,0.00906756526635439,0.0248502407829683,0.174077997800443,"2017-08",1
"sarpanch_maratha","elite","leave_one_month_out_baseline_SE",599,0.0994452968252093,0.0381577111805332,597,0.00938474853407317,0.0245056290105044,0.174384964639914,"2017-09",4
"sarpanch_maratha","elite","leave_one_month_out_baseline_SE",531,0.0967601141514186,0.043169949140502,529,0.0254155955940907,0.0119545392115375,0.1815656890913,"2017-10",72
"sarpanch_maratha","elite","leave_one_month_out_baseline_SE",569,0.124351487165558,0.0405280835357983,567,0.00225577824528128,0.0447479812458247,0.203954993085291,"2017-11",34
"sarpanch_maratha","elite","leave_one_month_out_baseline_SE",567,0.0873645218822887,0.0399164170789117,565,0.0290282291051739,0.00896183105439909,0.165767212710178,"2017-12",36
"sarpanch_maratha","elite","leave_one_month_out_baseline_SE",595,0.0875675675675674,0.0381433872855149,593,0.0220383881344327,0.0126550046195883,0.162480130515546,"2018-01",8
"sarpanch_maratha","elite","leave_one_month_out_baseline_SE",598,0.105286865813181,0.0383248963074608,596,0.00619206697556798,0.0300185989676044,0.180555132658758,"2018-02",5
"sarpanch_maratha","elite","leave_one_month_out_baseline_SE",602,0.0994641192917055,0.0379922119612297,600,0.00906756526635433,0.0248502407829683,0.174077997800443,"2018-03",1
"sarpanch_maratha","elite","leave_one_month_out_baseline_SE",602,0.0994641192917055,0.0379922119612297,600,0.00906756526635439,0.0248502407829683,0.174077997800443,"2018-04",1
"sarpanch_maratha","elite","leave_one_month_out_baseline_SE",590,0.0948402948402948,0.0385851056457277,588,0.0142606121638944,0.0190588913184052,0.170621698362184,"2018-05",13
"sarpanch_maratha","elite","leave_one_month_out_baseline_SE",602,0.0994641192917054,0.0379922119612297,600,0.00906756526635443,0.0248502407829682,0.174077997800443,"2018-06",1
"sarpanch_maratha","elite","leave_one_month_out_baseline_SE",599,0.0950784845981353,0.0380721328598964,597,0.0127815920103297,0.0203068879470891,0.169850081249181,"2018-07",4
"sarpanch_maratha","elite","leave_one_month_out_baseline_SE",598,0.100900900900901,0.0382418872832782,596,0.00854519509415401,0.0257956598162453,0.176006141985556,"2018-08",5
"sarpanch_maratha","elite","leave_one_month_out_baseline_SE",595,0.0920120120120121,0.0382357511673842,593,0.0164137105174664,0.0169180489418346,0.16710597508219,"2018-09",8
"sarpanch_maratha","elite","leave_one_month_out_baseline_SE",602,0.0951537744641194,0.0379084988855875,600,0.012332086623103,0.0207043022095358,0.169603246718703,"2018-10",1
"sarpanch_maratha","elite","leave_one_month_out_baseline_SE",602,0.0951537744641193,0.0379084988855875,600,0.0123320866231031,0.0207043022095357,0.169603246718703,"2018-11",1
"sarpanch_maratha","elite","leave_one_month_out_baseline_SE",592,0.105405405405405,0.0386745672429321,590,0.00661208533791375,0.0294488297753491,0.181361981035462,"2018-12",11
"sarpanch_maratha","elite","leave_one_month_out_baseline_SE",596,0.0994259746472136,0.0383268704535462,594,0.00971622646464408,0.0241533149667613,0.174698634327666,"2019-01",7
"sarpanch_maratha","elite","leave_one_month_out_baseline_SE",599,0.0863448601439868,0.037893775733637,597,0.0230430284481237,0.0119235471808438,0.16076617310713,"2019-02",4
"sarpanch_maratha","elite","leave_one_month_out_baseline_SE",595,0.0964564564564562,0.0383255916355172,593,0.0121065070544345,0.0211860491792158,0.171726863733697,"2019-03",8
"sarpanch_maratha","elite","leave_one_month_out_baseline_SE",602,0.0994641192917055,0.0379922119612297,600,0.00906756526635442,0.0248502407829682,0.174077997800443,"2019-05",1
"sarpanch_maratha","elite","leave_one_month_out_baseline_SE",601,0.0922428922428922,0.0379051347516669,599,0.0152442072417032,0.0177997757034772,0.166686008782307,"2019-06",2
"sarpanch_maratha","elite","leave_one_month_out_baseline_SE",602,0.0994641192917055,0.0379922119612297,600,0.00906756526635442,0.0248502407829682,0.174077997800443,"2019-07",1
"sarpanch_maratha","elite","leave_one_month_out_baseline_SE",602,0.0994641192917055,0.0379922119612297,600,0.00906756526635442,0.0248502407829682,0.174077997800443,"2019-08",1
"sarpanch_maratha","elite","leave_one_month_out_baseline_SE",601,0.100900900900901,0.0380745715282975,599,0.00825968366795656,0.0261250220117036,0.175676779790098,"2019-12",2
"sarpanch_maratha","elite","leave_one_month_out_baseline_SE",602,0.0994641192917054,0.0379922119612297,600,0.00906756526635443,0.0248502407829682,0.174077997800443,"2020-01",1
"sarpanch_maratha","elite","leave_one_month_out_baseline_SE",601,0.0994938421347266,0.0379170971855581,599,0.00891232698886481,0.0250272321856168,0.173960452083836,"2020-02",2
"sarpanch_maratha","elite","leave_one_month_out_baseline_SE",597,0.0969556194878084,0.0380366140842017,595,0.0110528729166512,0.0222532696976959,0.171657969277921,"2020-12",6
"sarpanch_maratha","elite","leave_one_month_out_baseline_SE",450,0.0816241767370109,0.0426507998659061,448,0.0562853988741846,-0.00219630249856863,0.16544465597259,"2021-01",153
"sarpanch_maratha","elite","leave_one_month_out_baseline_SE",556,0.0796981091962424,0.0392072223666412,554,0.0425550838460607,0.00268511588585568,0.156711102506629,"2021-02",47
"sarpanch_maratha","elite","leave_one_month_out_baseline_SE",600,0.098864473576499,0.0379467098450988,598,0.00940645673684706,0.0243394540584837,0.173389493094514,"2021-03",3
"avg_prop_land_held_sarpanch_caste","elite","leave_one_month_out_baseline_SE",380,0.154617408375737,0.0306191156311691,378,6.8966731035408e-07,0.0944122772344861,0.214822539516987,"2016-03",2
"avg_prop_land_held_sarpanch_caste","elite","leave_one_month_out_baseline_SE",381,0.152880337455929,0.0306122008241745,379,9.03742343660721e-07,0.0926893127254049,0.213071362186453,"2016-10",1
"avg_prop_land_held_sarpanch_caste","elite","leave_one_month_out_baseline_SE",380,0.153741039048663,0.0306642276677598,378,8.22419326173245e-07,0.0934472059307877,0.214034872166539,"2017-02",2
"avg_prop_land_held_sarpanch_caste","elite","leave_one_month_out_baseline_SE",381,0.155637346801724,0.0306052763917239,379,5.78229048876424e-07,0.0954599371878411,0.215814756415606,"2017-06",1
"avg_prop_land_held_sarpanch_caste","elite","leave_one_month_out_baseline_SE",381,0.153808489773045,0.0307048110947183,379,8.39451365620646e-07,0.0934353707489218,0.214181608797169,"2017-08",1
"avg_prop_land_held_sarpanch_caste","elite","leave_one_month_out_baseline_SE",379,0.15161349026281,0.0306757425587814,377,1.16277177057219e-06,0.0912965019955313,0.211930478530088,"2017-09",3
"avg_prop_land_held_sarpanch_caste","elite","leave_one_month_out_baseline_SE",322,0.139655147431718,0.0364591862455737,320,0.000153921916985746,0.0679251630733738,0.211385131790061,"2017-10",60
"avg_prop_land_held_sarpanch_caste","elite","leave_one_month_out_baseline_SE",357,0.169760890926957,0.0319202453663761,355,1.85768485517924e-07,0.106984337331049,0.232537444522865,"2017-11",25
"avg_prop_land_held_sarpanch_caste","elite","leave_one_month_out_baseline_SE",362,0.164869878183831,0.0318660445142675,360,3.81735192025419e-07,0.1022028970265,0.227536859341163,"2017-12",20
"avg_prop_land_held_sarpanch_caste","elite","leave_one_month_out_baseline_SE",379,0.15661349026281,0.0308618392885603,377,6.10770013917704e-07,0.0959305843899465,0.217296396135673,"2018-01",3
"avg_prop_land_held_sarpanch_caste","elite","leave_one_month_out_baseline_SE",380,0.155126732440686,0.0306851319122761,378,6.70538090032464e-07,0.0947917961506067,0.215461668730765,"2018-02",2
"avg_prop_land_held_sarpanch_caste","elite","leave_one_month_out_baseline_SE",381,0.15203138133931,0.0306307517342769,379,1.0489806230633e-06,0.0918038810121717,0.212258881666449,"2018-03",1
"avg_prop_land_held_sarpanch_caste","elite","leave_one_month_out_baseline_SE",381,0.15624824880919,0.030636723959917,379,5.37693584255128e-07,0.0960090056353588,0.216487491983021,"2018-04",1
"avg_prop_land_held_sarpanch_caste","elite","leave_one_month_out_baseline_SE",373,0.155676086743205,0.0313284318845453,371,1.02874967415082e-06,0.094072522354648,0.217279651131762,"2018-05",9
"avg_prop_land_held_sarpanch_caste","elite","leave_one_month_out_baseline_SE",381,0.155344634351359,0.0306848601142532,379,6.4668451395923e-07,0.0950107438023607,0.215678524900357,"2018-06",1
"avg_prop_land_held_sarpanch_caste","elite","leave_one_month_out_baseline_SE",380,0.153490368804322,0.030676173700623,378,8.63990466413599e-07,0.0931730466842231,0.213807690924421,"2018-07",2
"avg_prop_land_held_sarpanch_caste","elite","leave_one_month_out_baseline_SE",378,0.151247324868027,0.0307265102448265,376,1.28201858569796e-06,0.090829995817355,0.211664653918698,"2018-08",4
"avg_prop_land_held_sarpanch_caste","elite","leave_one_month_out_baseline_SE",376,0.149259112138283,0.0310475138130065,374,2.21868887861527e-06,0.0882095417551735,0.210308682521393,"2018-09",6
"avg_prop_land_held_sarpanch_caste","elite","leave_one_month_out_baseline_SE",381,0.151127766881479,0.0305529297832515,379,1.13836434557629e-06,0.091053283418618,0.21120225034434,"2018-11",1
"avg_prop_land_held_sarpanch_caste","elite","leave_one_month_out_baseline_SE",372,0.159573396533847,0.031090015126855,370,4.62524189723789e-07,0.098438109049301,0.220708684018392,"2018-12",10
"avg_prop_land_held_sarpanch_caste","elite","leave_one_month_out_baseline_SE",378,0.150633827935511,0.0309707612648853,376,1.69649976795168e-06,0.0897362297578781,0.211531426113144,"2019-01",4
"avg_prop_land_held_sarpanch_caste","elite","leave_one_month_out_baseline_SE",380,0.15136915668311,0.0307010353616107,378,1.23081544752836e-06,0.0910029500825386,0.211735363283682,"2019-02",2
"avg_prop_land_held_sarpanch_caste","elite","leave_one_month_out_baseline_SE",374,0.145837233679489,0.0308555022986819,372,3.24603374519908e-06,0.0851641617849503,0.206510305574028,"2019-03",8
"avg_prop_land_held_sarpanch_caste","elite","leave_one_month_out_baseline_SE",380,0.153490368804322,0.030775399166971,378,9.34463240973019e-07,0.092977943654926,0.214002793953718,"2019-06",2
"avg_prop_land_held_sarpanch_caste","elite","leave_one_month_out_baseline_SE",381,0.156790417483889,0.0305948430984239,379,4.75773122201845e-07,0.0966335222596331,0.216947312708144,"2019-07",1
"avg_prop_land_held_sarpanch_caste","elite","leave_one_month_out_baseline_SE",381,0.156489212664612,0.0306193168965117,379,5.0979546220096e-07,0.0962841960068657,0.216694229322358,"2020-01",1
"avg_prop_land_held_sarpanch_caste","elite","leave_one_month_out_baseline_SE",380,0.152176093821746,0.0306586280044473,378,1.04903408581625e-06,0.0918932710958149,0.212458916547678,"2020-02",2
"avg_prop_land_held_sarpanch_caste","elite","leave_one_month_out_baseline_SE",376,0.155033354343943,0.030817436576269,374,7.60293989613323e-07,0.0944361910856794,0.215630517602207,"2020-12",6
"avg_prop_land_held_sarpanch_caste","elite","leave_one_month_out_baseline_SE",231,0.160983189870259,0.040193405339249,229,8.37730482580305e-05,0.0817870170502832,0.240179362690236,"2021-01",151
"avg_prop_land_held_sarpanch_caste","elite","leave_one_month_out_baseline_SE",335,0.15388125534645,0.0322550396066377,333,2.7503873259436e-06,0.0904319332710241,0.217330577421876,"2021-02",47
"avg_prop_land_held_sarpanch_caste","elite","leave_one_month_out_baseline_SE",379,0.153399168643844,0.0306684120282467,377,8.72147939906184e-07,0.0930965942256655,0.213701743062023,"2021-03",3
"sarpanch_male","elite","leave_one_month_out_baseline_SE",602,0.158398364920104,0.0412128670428463,600,0.000134273026907166,0.0774593593768176,0.23933737046339,"2015-01",2
"sarpanch_male","elite","leave_one_month_out_baseline_SE",602,0.163833147528799,0.0411610843942678,600,7.72602888920105e-05,0.0829958392558336,0.244670455801765,"2015-04",2
"sarpanch_male","elite","leave_one_month_out_baseline_SE",602,0.158398364920104,0.0412128670428463,600,0.000134273026907166,0.0774593593768176,0.23933737046339,"2015-05",2
"sarpanch_male","elite","leave_one_month_out_baseline_SE",597,0.161722116267571,0.0412859836592519,595,0.000100004610009504,0.0806381379219986,0.242806094613143,"2015-06",7
"sarpanch_male","elite","leave_one_month_out_baseline_SE",585,0.163817663817664,0.0415269178450362,583,8.95731825378989e-05,0.0822570788901213,0.245378248745206,"2015-07",19
"sarpanch_male","elite","leave_one_month_out_baseline_SE",558,0.146723646723647,0.0423518217525467,556,0.000572385397794414,0.0635345126407093,0.229912780806585,"2015-08",46
"sarpanch_male","elite","leave_one_month_out_baseline_SE",598,0.154456654456654,0.041333197121986,596,0.000204253540882873,0.0732802284175617,0.235633080495746,"2015-09",6
"sarpanch_male","elite","leave_one_month_out_baseline_SE",573,0.157212011194312,0.0418720227577363,571,0.000191415243725787,0.0749700304606724,0.239453991927952,"2015-10",31
"sarpanch_male","elite","leave_one_month_out_baseline_SE",582,0.160772178013557,0.0416254400764953,580,0.000124948425359097,0.0790172116650344,0.24252714436208,"2015-11",22
"sarpanch_male","elite","leave_one_month_out_baseline_SE",599,0.163669359559771,0.0412249629747834,597,8.05804895992945e-05,0.0827057761732527,0.244632942946289,"2015-12",5
"sarpanch_male","elite","leave_one_month_out_baseline_SE",603,0.159370439858245,0.0411831043851909,601,0.000120838418644195,0.0784901579673207,0.240250721749169,"2016-01",1
"sarpanch_male","elite","leave_one_month_out_baseline_SE",601,0.160145788211183,0.0412171728180727,599,0.000113547594715942,0.0791980533034196,0.241093523118947,"2016-03",3
"sarpanch_male","elite","leave_one_month_out_baseline_SE",601,0.160145788211183,0.0412171728180727,599,0.000113547594715941,0.0791980533034197,0.241093523118947,"2016-08",3
"sarpanch_male","elite","leave_one_month_out_baseline_SE",602,0.158398364920104,0.0412128670428463,600,0.000134273026907166,0.0774593593768176,0.23933737046339,"2016-10",2
"sarpanch_male","elite","leave_one_month_out_baseline_SE",601,0.160145788211184,0.0412171728180727,599,0.00011354759471594,0.0791980533034198,0.241093523118947,"2016-11",3
"sarpanch_male","elite","leave_one_month_out_baseline_SE",601,0.160145788211183,0.0412171728180728,599,0.000113547594715944,0.0791980533034195,0.241093523118947,"2017-02",3
"sarpanch_male","elite","leave_one_month_out_baseline_SE",603,0.159370439858245,0.0411831043851909,601,0.000120838418644197,0.0784901579673206,0.240250721749169,"2017-05",1
"sarpanch_male","elite","leave_one_month_out_baseline_SE",603,0.159370439858245,0.0411831043851909,601,0.000120838418644197,0.0784901579673206,0.240250721749169,"2017-06",1
"sarpanch_male","elite","leave_one_month_out_baseline_SE",603,0.162556547964273,0.0412053294212581,601,8.92043557563078e-05,0.0816326179023581,0.243480478026188,"2017-08",1
"sarpanch_male","elite","leave_one_month_out_baseline_SE",600,0.164982373678026,0.0413707636676213,598,7.49162113411743e-05,0.0837327216689229,0.246232025687129,"2017-09",4
"sarpanch_male","elite","leave_one_month_out_baseline_SE",532,0.149416082749416,0.0466310958602743,530,0.00143579384448697,0.0578116249368681,0.241020540561963,"2017-10",72
"sarpanch_male","elite","leave_one_month_out_baseline_SE",570,0.163243243243243,0.0433148022890547,568,0.000181206139264929,0.0781665054736276,0.248319981012859,"2017-11",34
"sarpanch_male","elite","leave_one_month_out_baseline_SE",567,0.145781314309233,0.0435589035478044,565,0.000871957526823646,0.060224155185735,0.231338473432731,"2017-12",37
"sarpanch_male","elite","leave_one_month_out_baseline_SE",596,0.160942358287491,0.0416127335186798,594,0.00012204270146525,0.0792163761903767,0.242668340384605,"2018-01",8
"sarpanch_male","elite","leave_one_month_out_baseline_SE",599,0.158527086038003,0.0414411320480254,597,0.000144327329273996,0.0771389583578314,0.239915213718174,"2018-02",5
"sarpanch_male","elite","leave_one_month_out_baseline_SE",603,0.162556547964273,0.0412053294212581,601,8.92043557563078e-05,0.0816326179023581,0.243480478026188,"2018-03",1
"sarpanch_male","elite","leave_one_month_out_baseline_SE",603,0.158264702470711,0.0412130360806058,601,0.000136001964196478,0.0773256371539438,0.239203767787479,"2018-04",1
"sarpanch_male","elite","leave_one_month_out_baseline_SE",591,0.163605234193469,0.0419091849472197,589,0.00010564053371063,0.0812956050952082,0.245914863291731,"2018-05",13
"sarpanch_male","elite","leave_one_month_out_baseline_SE",603,0.162556547964273,0.0412053294212581,601,8.92043557563078e-05,0.0816326179023581,0.243480478026188,"2018-06",1
"sarpanch_male","elite","leave_one_month_out_baseline_SE",600,0.160634547591069,0.0413797416903468,598,0.000115152042695018,0.079367263293908,0.24190183188823,"2018-07",4
"sarpanch_male","elite","leave_one_month_out_baseline_SE",599,0.154160273810929,0.04144718618316,597,0.00021849568309096,0.0727602561388827,0.235560291482975,"2018-08",5
"sarpanch_male","elite","leave_one_month_out_baseline_SE",596,0.174216694570677,0.0415782160879663,594,3.21223505816958e-05,0.0925585035241856,0.255874885617168,"2018-09",8
"sarpanch_male","elite","leave_one_month_out_baseline_SE",603,0.162556547964273,0.0412053294212582,601,8.920435575631e-05,0.081632617902358,0.243480478026188,"2018-10",1
"sarpanch_male","elite","leave_one_month_out_baseline_SE",603,0.162556547964273,0.0412053294212581,601,8.9204355756307e-05,0.0816326179023582,0.243480478026188,"2018-11",1
"sarpanch_male","elite","leave_one_month_out_baseline_SE",593,0.158938310507817,0.0417961391632097,591,0.000157997662295921,0.0768512752806565,0.241025345734977,"2018-12",11
"sarpanch_male","elite","leave_one_month_out_baseline_SE",597,0.158661745445887,0.041557713209904,595,0.000148719870347409,0.0770441014092465,0.240279389482527,"2019-01",7
"sarpanch_male","elite","leave_one_month_out_baseline_SE",600,0.160634547591069,0.0413797416903468,598,0.000115152042695018,0.079367263293908,0.24190183188823,"2019-02",4
"sarpanch_male","elite","leave_one_month_out_baseline_SE",596,0.160942358287491,0.0416127335186798,594,0.00012204270146525,0.0792163761903767,0.242668340384605,"2019-03",8
"sarpanch_male","elite","leave_one_month_out_baseline_SE",603,0.158264702470711,0.0412130360806058,601,0.000136001964196479,0.0773256371539437,0.239203767787478,"2019-05",1
"sarpanch_male","elite","leave_one_month_out_baseline_SE",602,0.160484622553588,0.0412657843817405,600,0.000111882928188114,0.079441691292597,0.241527553814579,"2019-06",2
"sarpanch_male","elite","leave_one_month_out_baseline_SE",603,0.162556547964273,0.0412053294212581,601,8.92043557563078e-05,0.0816326179023581,0.243480478026188,"2019-07",1
"sarpanch_male","elite","leave_one_month_out_baseline_SE",603,0.162556547964273,0.0412053294212581,601,8.92043557563067e-05,0.0816326179023583,0.243480478026188,"2019-08",1
"sarpanch_male","elite","leave_one_month_out_baseline_SE",602,0.156174277726002,0.0412726054767355,600,0.000169833576378397,0.0751179503417798,0.237230605110224,"2019-12",2
"sarpanch_male","elite","leave_one_month_out_baseline_SE",603,0.158264702470711,0.0412130360806058,601,0.000136001964196479,0.0773256371539437,0.239203767787478,"2020-01",1
"sarpanch_male","elite","leave_one_month_out_baseline_SE",602,0.161115756224452,0.0411872281135777,600,0.00010208965044583,0.0802271036312777,0.242004408817626,"2020-02",2
"sarpanch_male","elite","leave_one_month_out_baseline_SE",598,0.165445665445665,0.0412284346662136,596,6.76174197686917e-05,0.0844749878687009,0.24641634302263,"2020-12",6
"sarpanch_male","elite","leave_one_month_out_baseline_SE",451,0.153038717554847,0.046298538561716,449,0.00102416658655389,0.0620499836906099,0.244027451419084,"2021-01",153
"sarpanch_male","elite","leave_one_month_out_baseline_SE",557,0.176536741552221,0.0420613187210645,555,3.1476336219253e-05,0.0939179003436324,0.259155582760811,"2021-02",47
"sarpanch_male","elite","leave_one_month_out_baseline_SE",601,0.16287058385151,0.0411910799423883,599,8.6030722146688e-05,0.0819740935837711,0.24376707411925,"2021-03",3
"sarpanch_land_own_name","elite","leave_one_month_out_baseline_SE",594,0.153089334907517,0.0412654397822962,592,0.000226896623843212,0.072044866797769,0.234133803017265,"2015-01",2
"sarpanch_land_own_name","elite","leave_one_month_out_baseline_SE",594,0.158598976780795,0.0412039219658523,592,0.000131437193219027,0.0776753283869951,0.239522625174595,"2015-04",2
"sarpanch_land_own_name","elite","leave_one_month_out_baseline_SE",594,0.155844155844156,0.0412349465513372,592,0.000173112057828704,0.0748595758077464,0.236828735880566,"2015-05",2
"sarpanch_land_own_name","elite","leave_one_month_out_baseline_SE",589,0.162361846719388,0.0412639537724087,587,9.32665436988064e-05,0.0813188829408411,0.243404810497935,"2015-06",7
"sarpanch_land_own_name","elite","leave_one_month_out_baseline_SE",577,0.151027200160148,0.0416552093561485,575,0.000313820097997519,0.0692122774453592,0.232842122874937,"2015-07",19
"sarpanch_land_own_name","elite","leave_one_month_out_baseline_SE",550,0.150619495447082,0.0423160730452509,548,0.000403992037975365,0.0674979332563786,0.233741057637786,"2015-08",46
"sarpanch_land_own_name","elite","leave_one_month_out_baseline_SE",590,0.149344620096709,0.0413897746878281,588,0.00033451819862623,0.068054827965592,0.230634412227826,"2015-09",6
"sarpanch_land_own_name","elite","leave_one_month_out_baseline_SE",566,0.1578342055954,0.0418304355098399,564,0.000178221167709256,0.0756717414947362,0.239996669696063,"2015-10",30
"sarpanch_land_own_name","elite","leave_one_month_out_baseline_SE",576,0.150047054394881,0.0416888685438684,574,0.00034677259936165,0.068165720841813,0.231928387947948,"2015-11",20
"sarpanch_land_own_name","elite","leave_one_month_out_baseline_SE",591,0.153066378066378,0.0413280578691815,589,0.000232470746797344,0.071898082408806,0.23423467372395,"2015-12",5
"sarpanch_land_own_name","elite","leave_one_month_out_baseline_SE",595,0.154012654012654,0.0412347218312516,593,0.000205814812064337,0.0730287950883288,0.234996512936979,"2016-01",1
"sarpanch_land_own_name","elite","leave_one_month_out_baseline_SE",593,0.15492334553108,0.0412658356204038,591,0.000191022912592166,0.0738778190765221,0.235968871985638,"2016-03",3
"sarpanch_land_own_name","elite","leave_one_month_out_baseline_SE",593,0.160448207409533,0.0412032932876204,591,0.000109824946979752,0.0795255132255431,0.241370901593524,"2016-08",3
"sarpanch_land_own_name","elite","leave_one_month_out_baseline_SE",594,0.153089334907517,0.0412654397822961,592,0.000226896623843212,0.0720448667977688,0.234133803017265,"2016-10",2
"sarpanch_land_own_name","elite","leave_one_month_out_baseline_SE",593,0.152160914591854,0.0412963034615058,591,0.00025009210985386,0.071055549721693,0.233266279462014,"2016-11",3
"sarpanch_land_own_name","elite","leave_one_month_out_baseline_SE",594,0.155844155844156,0.0412349465513371,592,0.000173112057828705,0.0748595758077462,0.236828735880566,"2017-02",2
"sarpanch_land_own_name","elite","leave_one_month_out_baseline_SE",595,0.154012654012654,0.0412347218312516,593,0.000205814812064335,0.0730287950883289,0.234996512936979,"2017-05",1
"sarpanch_land_own_name","elite","leave_one_month_out_baseline_SE",595,0.156759906759907,0.0412042047039086,593,0.000156853388660853,0.0758359826338721,0.237683830885941,"2017-06",1
"sarpanch_land_own_name","elite","leave_one_month_out_baseline_SE",595,0.157057772483622,0.0412638762659938,593,0.000155794976463738,0.0760166550517737,0.23809888991547,"2017-08",1
"sarpanch_land_own_name","elite","leave_one_month_out_baseline_SE",592,0.154740208798504,0.0414366097337955,590,0.000206421544208037,0.0733590013158686,0.236121416281138,"2017-09",4
"sarpanch_land_own_name","elite","leave_one_month_out_baseline_SE",524,0.162608770569484,0.0468353553934045,522,0.000559597247745422,0.0705998277516736,0.254617713387294,"2017-10",72
"sarpanch_land_own_name","elite","leave_one_month_out_baseline_SE",562,0.158139211459565,0.043434422160232,560,0.000296904009761008,0.0728249199404573,0.243453502978673,"2017-11",34
"sarpanch_land_own_name","elite","leave_one_month_out_baseline_SE",560,0.132420091324201,0.0435231781746334,558,0.00245643229837125,0.0469308007707928,0.217909381877609,"2017-12",36
"sarpanch_land_own_name","elite","leave_one_month_out_baseline_SE",589,0.147896281800391,0.0416050587125739,587,0.00040877489355215,0.0661833833019918,0.22960918029879,"2018-01",7
"sarpanch_land_own_name","elite","leave_one_month_out_baseline_SE",592,0.154740208798504,0.0414366097337955,590,0.00020642154420803,0.073359001315869,0.236121416281139,"2018-02",4
"sarpanch_land_own_name","elite","leave_one_month_out_baseline_SE",595,0.157057772483622,0.0412638762659938,593,0.000155794976463738,0.0760166550517737,0.23809888991547,"2018-03",1
"sarpanch_land_own_name","elite","leave_one_month_out_baseline_SE",595,0.157057772483622,0.0412638762659938,593,0.000155794976463737,0.0760166550517737,0.23809888991547,"2018-04",1
"sarpanch_land_own_name","elite","leave_one_month_out_baseline_SE",583,0.147404800804323,0.0419744787975764,581,0.000479692029554193,0.0649645972948963,0.22984500431375,"2018-05",13
"sarpanch_land_own_name","elite","leave_one_month_out_baseline_SE",595,0.152709946396665,0.0412588747097975,593,0.000234516120052491,0.0716786518835467,0.233741240909783,"2018-06",1
"sarpanch_land_own_name","elite","leave_one_month_out_baseline_SE",592,0.145929636111279,0.0414221009933749,590,0.000459724810493079,0.064576923691876,0.227282348530682,"2018-07",4
"sarpanch_land_own_name","elite","leave_one_month_out_baseline_SE",591,0.165753424657534,0.041502358156844,589,7.32416160505042e-05,0.084242803277157,0.247264046037911,"2018-08",5
"sarpanch_land_own_name","elite","leave_one_month_out_baseline_SE",588,0.167995577123902,0.0416825875196605,586,6.30401636220855e-05,0.0861301223660108,0.249861031881793,"2018-09",8
"sarpanch_land_own_name","elite","leave_one_month_out_baseline_SE",595,0.157057772483621,0.0412638762659936,593,0.000155794976463743,0.076016655051773,0.238098889915469,"2018-10",1
"sarpanch_land_own_name","elite","leave_one_month_out_baseline_SE",595,0.152709946396665,0.0412588747097975,593,0.000234516120052491,0.0716786518835467,0.233741240909783,"2018-11",1
"sarpanch_land_own_name","elite","leave_one_month_out_baseline_SE",585,0.161207970112079,0.0418663682411146,583,0.00013090511978936,0.0789806905610311,0.243435249663127,"2018-12",11
"sarpanch_land_own_name","elite","leave_one_month_out_baseline_SE",589,0.161289138943248,0.0416211662876085,587,0.0001185582598542,0.079544604949441,0.243033672937055,"2019-01",7
"sarpanch_land_own_name","elite","leave_one_month_out_baseline_SE",592,0.150334922454891,0.0414303923243373,590,0.000309656226641962,0.068965925920313,0.231703918989469,"2019-02",4
"sarpanch_land_own_name","elite","leave_one_month_out_baseline_SE",588,0.15005835739296,0.0416695467921392,586,0.000343674920109524,0.0682185148907478,0.231898199895173,"2019-03",8
"sarpanch_land_own_name","elite","leave_one_month_out_baseline_SE",595,0.152709946396665,0.0412588747097975,593,0.000234516120052488,0.0716786518835469,0.233741240909783,"2019-05",1
"sarpanch_land_own_name","elite","leave_one_month_out_baseline_SE",594,0.154836394089848,0.0413195247239534,592,0.000196259236902106,0.0736857042761156,0.235987083903581,"2019-06",2
"sarpanch_land_own_name","elite","leave_one_month_out_baseline_SE",595,0.157057772483622,0.0412638762659938,593,0.000155794976463738,0.0760166550517736,0.23809888991547,"2019-07",1
"sarpanch_land_own_name","elite","leave_one_month_out_baseline_SE",595,0.157057772483622,0.0412638762659938,593,0.000155794976463738,0.0760166550517736,0.23809888991547,"2019-08",1
"sarpanch_land_own_name","elite","leave_one_month_out_baseline_SE",594,0.159203206316923,0.041323572790033,592,0.0001296294143193,0.0780445661853444,0.240361846448501,"2019-12",2
"sarpanch_land_own_name","elite","leave_one_month_out_baseline_SE",595,0.152709946396665,0.0412588747097975,593,0.000234516120052491,0.0716786518835467,0.233741240909783,"2020-01",1
"sarpanch_land_own_name","elite","leave_one_month_out_baseline_SE",594,0.155844155844156,0.0412349465513371,592,0.000173112057828704,0.0748595758077462,0.236828735880566,"2020-02",2
"sarpanch_land_own_name","elite","leave_one_month_out_baseline_SE",590,0.160486681378046,0.0412649595400822,588,0.00011206362673682,0.0794420270253202,0.241531335730772,"2020-12",6
"sarpanch_land_own_name","elite","leave_one_month_out_baseline_SE",443,0.140120885403904,0.0465112974182881,441,0.00273909971184282,0.0487095429695041,0.231532227838304,"2021-01",153
"sarpanch_land_own_name","elite","leave_one_month_out_baseline_SE",550,0.16315868040006,0.0421595046455953,548,0.00012192364410154,0.0803446658864566,0.245972694913663,"2021-02",46
"sarpanch_land_own_name","elite","leave_one_month_out_baseline_SE",593,0.15492334553108,0.0412658356204038,591,0.000191022912592169,0.073877819076522,0.235968871985638,"2021-03",3
"three_four_wheeler","elite","leave_one_month_out_baseline_SE",602,0.120563916759569,0.0354091000023071,600,0.000706103319605502,0.0510230780115646,0.190104755507573,"2015-01",2
"three_four_wheeler","elite","leave_one_month_out_baseline_SE",602,0.117846525455221,0.0354786397728748,600,0.000949343944555831,0.0481691157700479,0.187523935140394,"2015-04",2
"three_four_wheeler","elite","leave_one_month_out_baseline_SE",602,0.117846525455221,0.0354786397728748,600,0.000949343944555834,0.0481691157700479,0.187523935140394,"2015-05",2
"three_four_wheeler","elite","leave_one_month_out_baseline_SE",597,0.1182807091898,0.0355416735383285,595,0.000928892698145638,0.0484783202887082,0.188083098090892,"2015-06",7
"three_four_wheeler","elite","leave_one_month_out_baseline_SE",585,0.121082621082621,0.0356526917734871,583,0.000729873850531947,0.0510592592203687,0.191105982944873,"2015-07",19
"three_four_wheeler","elite","leave_one_month_out_baseline_SE",558,0.107312440645774,0.0364967687582097,556,0.00341504306336114,0.0356240347122534,0.179000846579295,"2015-08",46
"three_four_wheeler","elite","leave_one_month_out_baseline_SE",598,0.118742368742369,0.0355148095347886,596,0.000879292628877873,0.0489929781741829,0.188491759310555,"2015-09",6
"three_four_wheeler","elite","leave_one_month_out_baseline_SE",573,0.115233340897058,0.0360082141924186,571,0.00144958350499468,0.0445086263304916,0.185958055463624,"2015-10",31
"three_four_wheeler","elite","leave_one_month_out_baseline_SE",582,0.11965811965812,0.0357388350619892,580,0.000866335941524262,0.0494648135342956,0.189851425781944,"2015-11",22
"three_four_wheeler","elite","leave_one_month_out_baseline_SE",599,0.119201498653554,0.0354881216550336,597,0.000832352039485479,0.0495047593597982,0.18889823794731,"2015-12",5
"three_four_wheeler","elite","leave_one_month_out_baseline_SE",603,0.118303106107984,0.035452409960036,601,0.00089929631913024,0.0486774439805947,0.187928768235373,"2016-01",1
"three_four_wheeler","elite","leave_one_month_out_baseline_SE",601,0.117387456624514,0.0355050407293053,599,0.00100218811528556,0.0476579621361156,0.187116951112912,"2016-03",3
"three_four_wheeler","elite","leave_one_month_out_baseline_SE",601,0.117387456624514,0.0355050407293053,599,0.00100218811528555,0.0476579621361156,0.187116951112912,"2016-08",3
"three_four_wheeler","elite","leave_one_month_out_baseline_SE",602,0.117846525455221,0.0354786397728748,600,0.000949343944555831,0.0481691157700479,0.187523935140394,"2016-10",2
"three_four_wheeler","elite","leave_one_month_out_baseline_SE",601,0.120112252264841,0.0354352683495121,599,0.000745888430230462,0.0505197860032043,0.189704718526478,"2016-11",3
"three_four_wheeler","elite","leave_one_month_out_baseline_SE",601,0.120112252264841,0.0354352683495121,599,0.000745888430230465,0.0505197860032043,0.189704718526478,"2017-02",3
"three_four_wheeler","elite","leave_one_month_out_baseline_SE",603,0.118303106107984,0.035452409960036,601,0.000899296319130235,0.0486774439805947,0.187928768235373,"2017-05",1
"three_four_wheeler","elite","leave_one_month_out_baseline_SE",603,0.118303106107984,0.035452409960036,601,0.000899296319130235,0.0486774439805947,0.187928768235373,"2017-06",1
"three_four_wheeler","elite","leave_one_month_out_baseline_SE",603,0.11569423500754,0.0353994905676115,601,0.00114390080240225,0.0461725022813135,0.185215967733766,"2017-08",1
"three_four_wheeler","elite","leave_one_month_out_baseline_SE",600,0.119388954171563,0.0356584122028361,598,0.000864710577737157,0.0493580114035157,0.18941989693961,"2017-09",4
"three_four_wheeler","elite","leave_one_month_out_baseline_SE",532,0.11021021021021,0.0402999774671214,530,0.00645183653140751,0.0310429181355128,0.189377502284907,"2017-10",72
"three_four_wheeler","elite","leave_one_month_out_baseline_SE",570,0.122432432432432,0.0375857880592501,568,0.00119141455896601,0.0486083338427175,0.196256531022147,"2017-11",34
"three_four_wheeler","elite","leave_one_month_out_baseline_SE",567,0.126848676087255,0.0379195487101219,565,0.000876772163983181,0.0523681772996159,0.201329174874894,"2017-12",37
"three_four_wheeler","elite","leave_one_month_out_baseline_SE",596,0.115618273140397,0.0357799256070679,594,0.00130011851896252,0.0453477258261555,0.185888820454639,"2018-01",8
"three_four_wheeler","elite","leave_one_month_out_baseline_SE",599,0.120642039419332,0.0357459944749743,597,0.000786102115454415,0.050438851943363,0.190845226895301,"2018-02",5
"three_four_wheeler","elite","leave_one_month_out_baseline_SE",603,0.119986080501102,0.0355114567538828,601,0.000775146571837809,0.05024445525237,0.189727705749834,"2018-03",1
"three_four_wheeler","elite","leave_one_month_out_baseline_SE",603,0.119986080501102,0.0355114567538828,601,0.00077514657183781,0.05024445525237,0.189727705749834,"2018-04",1
"three_four_wheeler","elite","leave_one_month_out_baseline_SE",591,0.108450531979944,0.0358656641101615,589,0.00260488087261107,0.0380103763437016,0.178890687616186,"2018-05",13
"three_four_wheeler","elite","leave_one_month_out_baseline_SE",603,0.119986080501102,0.0355114567538828,601,0.000775146571837818,0.0502444552523699,0.189727705749834,"2018-06",1
"three_four_wheeler","elite","leave_one_month_out_baseline_SE",600,0.115041128084606,0.0355436360792368,598,0.0012764165329959,0.0452355986102639,0.184846657558948,"2018-07",4
"three_four_wheeler","elite","leave_one_month_out_baseline_SE",599,0.120642039419332,0.0357459944749742,597,0.000786102115454409,0.050438851943363,0.190845226895301,"2018-08",5
"three_four_wheeler","elite","leave_one_month_out_baseline_SE",596,0.120043051901459,0.0358976831754936,594,0.000877690698562744,0.049541232759698,0.190544871043221,"2018-09",8
"three_four_wheeler","elite","leave_one_month_out_baseline_SE",603,0.119986080501102,0.0355114567538829,601,0.000775146571837805,0.0502444552523702,0.189727705749834,"2018-10",1
"three_four_wheeler","elite","leave_one_month_out_baseline_SE",603,0.11569423500754,0.0353994905676115,601,0.00114390080240225,0.0461725022813135,0.185215967733766,"2018-11",1
"three_four_wheeler","elite","leave_one_month_out_baseline_SE",593,0.12839655799297,0.036285242546632,591,0.000433965164102298,0.0571328469712295,0.199660269014711,"2018-12",11
"three_four_wheeler","elite","leave_one_month_out_baseline_SE",597,0.118776044767234,0.0358081810730116,595,0.000965329596807828,0.0484502460002292,0.189101843534239,"2019-01",7
"three_four_wheeler","elite","leave_one_month_out_baseline_SE",600,0.115041128084606,0.0355436360792368,598,0.0012764165329959,0.0452355986102639,0.184846657558948,"2019-02",4
"three_four_wheeler","elite","leave_one_month_out_baseline_SE",596,0.120043051901459,0.0358976831754936,594,0.000877690698562751,0.0495412327596979,0.190544871043221,"2019-03",8
"three_four_wheeler","elite","leave_one_month_out_baseline_SE",603,0.119986080501102,0.0355114567538828,601,0.000775146571837818,0.0502444552523699,0.189727705749834,"2019-05",1
"three_four_wheeler","elite","leave_one_month_out_baseline_SE",602,0.116915191053122,0.0354851654342266,600,0.00104308666420723,0.0472249654544197,0.186605416651825,"2019-06",2
"three_four_wheeler","elite","leave_one_month_out_baseline_SE",603,0.11569423500754,0.0353994905676115,601,0.00114390080240225,0.0461725022813135,0.185215967733766,"2019-07",1
"three_four_wheeler","elite","leave_one_month_out_baseline_SE",603,0.119986080501102,0.0355114567538828,601,0.000775146571837815,0.05024445525237,0.189727705749834,"2019-08",1
"three_four_wheeler","elite","leave_one_month_out_baseline_SE",602,0.121225535880708,0.0355971828316694,600,0.000704593082539854,0.0513153164450534,0.191135755316363,"2019-12",2
"three_four_wheeler","elite","leave_one_month_out_baseline_SE",603,0.119986080501102,0.0355114567538828,601,0.000775146571837813,0.05024445525237,0.189727705749834,"2020-01",1
"three_four_wheeler","elite","leave_one_month_out_baseline_SE",602,0.120563916759569,0.0354091000023071,600,0.000706103319605502,0.0510230780115646,0.190104755507573,"2020-02",2
"three_four_wheeler","elite","leave_one_month_out_baseline_SE",598,0.121489621489621,0.0354436074084599,596,0.000650713288071548,0.0518800684985939,0.191099174480649,"2020-12",6
"three_four_wheeler","elite","leave_one_month_out_baseline_SE",451,0.11581787388239,0.0391381734101473,449,0.00324743744424703,0.0389011297479884,0.192734618016792,"2021-01",153
"three_four_wheeler","elite","leave_one_month_out_baseline_SE",557,0.131526024714879,0.0358236161650365,555,0.000264449712945192,0.0611595753155083,0.20189247411425,"2021-02",47
"three_four_wheeler","elite","leave_one_month_out_baseline_SE",601,0.117387456624514,0.0355050407293053,599,0.00100218811528555,0.0476579621361156,0.187116951112912,"2021-03",3
"pacca_house","elite","leave_one_month_out_baseline_SE",602,0.104515050167224,0.0411909990292186,600,0.0114222890882581,0.0236189917762046,0.185411108558243,"2015-01",2
"pacca_house","elite","leave_one_month_out_baseline_SE",602,0.104515050167224,0.0411909990292186,600,0.0114222890882582,0.0236189917762045,0.185411108558243,"2015-04",2
"pacca_house","elite","leave_one_month_out_baseline_SE",602,0.104515050167224,0.0411909990292186,600,0.0114222890882582,0.0236189917762045,0.185411108558243,"2015-05",2
"pacca_house","elite","leave_one_month_out_baseline_SE",597,0.105742742106378,0.0413058390789868,595,0.0107132321586135,0.0246197685309209,0.186865715681836,"2015-06",7
"pacca_house","elite","leave_one_month_out_baseline_SE",585,0.111111111111111,0.0415939292847041,583,0.00776620112206232,0.0294189129432954,0.192803309278927,"2015-07",19
"pacca_house","elite","leave_one_month_out_baseline_SE",558,0.0814339981006647,0.0422640115001758,556,0.0545147398920418,-0.00158265558931567,0.164450651790645,"2015-08",46
"pacca_house","elite","leave_one_month_out_baseline_SE",598,0.107142857142857,0.0412836472128206,596,0.0096839921935647,0.0260637447600185,0.188221969525695,"2015-09",6
"pacca_house","elite","leave_one_month_out_baseline_SE",573,0.10211027910143,0.0418920644460726,571,0.0150949513835413,0.0198289339416775,0.184391624261182,"2015-10",31
"pacca_house","elite","leave_one_month_out_baseline_SE",582,0.106763925729443,0.0416661534787217,580,0.0106475460351905,0.024928995713921,0.188598855744964,"2015-11",22
"pacca_house","elite","leave_one_month_out_baseline_SE",599,0.105795574288725,0.0412599320929732,597,0.010587205545563,0.0247633134574694,0.186827835119981,"2015-12",5
"pacca_house","elite","leave_one_month_out_baseline_SE",603,0.103189493433396,0.0411675249624144,601,0.0124536542416119,0.0223398082671404,0.184039178599651,"2016-01",1
"pacca_house","elite","leave_one_month_out_baseline_SE",601,0.103123035003144,0.0412125071488954,599,0.0126069267867387,0.0221844631535407,0.184061606852748,"2016-03",3
"pacca_house","elite","leave_one_month_out_baseline_SE",601,0.105847830643471,0.0412144759750424,599,0.0104634819267458,0.024905392152705,0.186790269134237,"2016-08",3
"pacca_house","elite","leave_one_month_out_baseline_SE",602,0.104515050167224,0.0411909990292186,600,0.0114222890882581,0.0236189917762046,0.185411108558244,"2016-10",2
"pacca_house","elite","leave_one_month_out_baseline_SE",601,0.103123035003144,0.0412125071488954,599,0.0126069267867387,0.0221844631535407,0.184061606852748,"2016-11",3
"pacca_house","elite","leave_one_month_out_baseline_SE",601,0.108572626283798,0.0412159525329338,599,0.00865062354771706,0.0276272879333717,0.189517964634225,"2017-02",3
"pacca_house","elite","leave_one_month_out_baseline_SE",603,0.103189493433396,0.0411675249624144,601,0.0124536542416121,0.0223398082671402,0.184039178599651,"2017-05",1
"pacca_house","elite","leave_one_month_out_baseline_SE",603,0.103189493433396,0.0411675249624144,601,0.0124536542416119,0.0223398082671404,0.184039178599651,"2017-06",1
"pacca_house","elite","leave_one_month_out_baseline_SE",603,0.102923094768588,0.0412191728600391,601,0.0127924129114278,0.0219719773139871,0.183874212223189,"2017-08",1
"pacca_house","elite","leave_one_month_out_baseline_SE",600,0.110928319623972,0.0412816560697343,598,0.00740782917441505,0.0298536694924715,0.192002969755472,"2017-09",4
"pacca_house","elite","leave_one_month_out_baseline_SE",532,0.106473139806473,0.0463092542748214,530,0.0218829524784406,0.0155009237071651,0.197445355905781,"2017-10",72
"pacca_house","elite","leave_one_month_out_baseline_SE",570,0.114189189189189,0.0430691753282735,568,0.00824212057971297,0.0295948994379684,0.19878347894041,"2017-11",34
"pacca_house","elite","leave_one_month_out_baseline_SE",567,0.103402387158733,0.0434297811218118,565,0.017600355431947,0.0180988466309123,0.188705927686553,"2017-12",37
"pacca_house","elite","leave_one_month_out_baseline_SE",596,0.108658215737862,0.0415315094129738,594,0.00911536999698698,0.027091754999896,0.190224676475828,"2018-01",8
"pacca_house","elite","leave_one_month_out_baseline_SE",599,0.0961760887525079,0.04151480043819,597,0.0208593038478442,0.0146432803638615,0.177708897141154,"2018-02",5
"pacca_house","elite","leave_one_month_out_baseline_SE",603,0.102923094768588,0.0412191728600391,601,0.0127924129114278,0.0219719773139871,0.183874212223189,"2018-03",1
"pacca_house","elite","leave_one_month_out_baseline_SE",603,0.10721494026215,0.041167132666292,601,0.00943162439371654,0.02636602553371,0.188063854990591,"2018-04",1
"pacca_house","elite","leave_one_month_out_baseline_SE",591,0.100048917695976,0.0419248207214176,589,0.0173295139269514,0.0177085799409727,0.18238925545098,"2018-05",13
"pacca_house","elite","leave_one_month_out_baseline_SE",603,0.10721494026215,0.041167132666292,601,0.00943162439371655,0.02636602553371,0.188063854990591,"2018-06",1
"pacca_house","elite","leave_one_month_out_baseline_SE",600,0.106580493537015,0.0413366095828023,598,0.0101651781159765,0.0253979180636158,0.187763069010414,"2018-07",4
"pacca_house","elite","leave_one_month_out_baseline_SE",599,0.0961760887525079,0.04151480043819,597,0.0208593038478441,0.0146432803638615,0.177708897141154,"2018-08",5
"pacca_house","elite","leave_one_month_out_baseline_SE",596,0.0953838794546759,0.0416914831558831,594,0.02249675454653,0.0135032357697246,0.177264523139627,"2018-09",8
"pacca_house","elite","leave_one_month_out_baseline_SE",603,0.107214940262151,0.0411671326662921,601,0.0094316243937165,0.0263660255337101,0.188063854990591,"2018-10",1
"pacca_house","elite","leave_one_month_out_baseline_SE",603,0.102923094768588,0.0412191728600391,601,0.0127924129114278,0.0219719773139871,0.183874212223189,"2018-11",1
"pacca_house","elite","leave_one_month_out_baseline_SE",593,0.112507574839413,0.0416511015400557,591,0.00710736720594442,0.0307053914842072,0.194309758194619,"2018-12",11
"pacca_house","elite","leave_one_month_out_baseline_SE",597,0.105929277294916,0.0415100319389223,595,0.0109626764978091,0.0244052773185866,0.187453277271246,"2019-01",7
"pacca_house","elite","leave_one_month_out_baseline_SE",600,0.106580493537015,0.0413366095828023,598,0.0101651781159765,0.0253979180636158,0.187763069010414,"2019-02",4
"pacca_house","elite","leave_one_month_out_baseline_SE",596,0.095383879454676,0.0416914831558831,594,0.0224967545465298,0.0135032357697247,0.177264523139627,"2019-03",8
"pacca_house","elite","leave_one_month_out_baseline_SE",603,0.102923094768588,0.0412191728600391,601,0.0127924129114278,0.0219719773139871,0.183874212223189,"2019-05",1
"pacca_house","elite","leave_one_month_out_baseline_SE",602,0.101258154706431,0.0412925077958129,600,0.0144817227153437,0.0201627406478345,0.182353568765027,"2019-06",2
"pacca_house","elite","leave_one_month_out_baseline_SE",603,0.102923094768588,0.0412191728600391,601,0.0127924129114278,0.0219719773139871,0.183874212223189,"2019-07",1
"pacca_house","elite","leave_one_month_out_baseline_SE",603,0.107214940262151,0.0411671326662921,601,0.00943162439371654,0.02636602553371,0.188063854990591,"2019-08",1
"pacca_house","elite","leave_one_month_out_baseline_SE",602,0.109878844361603,0.0411871931605153,600,0.00784139787458677,0.0289902604136442,0.190767428309562,"2019-12",2
"pacca_house","elite","leave_one_month_out_baseline_SE",603,0.10721494026215,0.0411671326662921,601,0.00943162439371656,0.0263660255337099,0.188063854990591,"2020-01",1
"pacca_house","elite","leave_one_month_out_baseline_SE",602,0.107232441471572,0.0411927086311705,600,0.00946449320065688,0.0263330255494753,0.188131857393668,"2020-02",2
"pacca_house","elite","leave_one_month_out_baseline_SE",598,0.10989010989011,0.0412849062713972,596,0.00798322250526956,0.0288085247763302,0.190971695003889,"2020-12",6
"pacca_house","elite","leave_one_month_out_baseline_SE",451,0.0716058135412976,0.0465226370091506,449,0.124469483066601,-0.0198233323667413,0.163034959449336,"2021-01",153
"pacca_house","elite","leave_one_month_out_baseline_SE",557,0.132412479161705,0.0423239704428295,555,0.00184893937879331,0.0492777249586242,0.215547233364787,"2021-02",47
"pacca_house","elite","leave_one_month_out_baseline_SE",601,0.103123035003144,0.0412125071488954,599,0.0126069267867388,0.0221844631535406,0.184061606852747,"2021-03",3
"sarpanch_uncontested","elite","leave_one_month_out_baseline_SE",601,-0.280514217843919,0.0337637097862244,599,6.51176408761284e-16,-0.346823856337114,-0.214204579350723,"2015-01",2
"sarpanch_uncontested","elite","leave_one_month_out_baseline_SE",601,-0.280514217843919,0.0337637097862244,599,6.51176408761284e-16,-0.346823856337114,-0.214204579350723,"2015-04",2
"sarpanch_uncontested","elite","leave_one_month_out_baseline_SE",601,-0.280514217843919,0.0337637097862244,599,6.51176408761293e-16,-0.346823856337114,-0.214204579350723,"2015-05",2
"sarpanch_uncontested","elite","leave_one_month_out_baseline_SE",596,-0.280634650800396,0.0338997686979661,594,8.27350246590499e-16,-0.347212634399158,-0.214056667201635,"2015-06",7
"sarpanch_uncontested","elite","leave_one_month_out_baseline_SE",584,-0.271794871794871,0.0341668337831329,582,9.38886923388422e-15,-0.33890018693987,-0.204689556649873,"2015-07",19
"sarpanch_uncontested","elite","leave_one_month_out_baseline_SE",557,-0.268079701516234,0.03496690776321,555,7.94550484468825e-14,-0.336763363557416,-0.199396039475052,"2015-08",46
"sarpanch_uncontested","elite","leave_one_month_out_baseline_SE",597,-0.279508370417461,0.0338640534379518,595,9.9199467168197e-16,-0.346015982257802,-0.21300075857712,"2015-09",6
"sarpanch_uncontested","elite","leave_one_month_out_baseline_SE",572,-0.288954635108481,0.0346578951252329,570,5.7186694903603e-16,-0.357027404873808,-0.220881865343155,"2015-10",31
"sarpanch_uncontested","elite","leave_one_month_out_baseline_SE",581,-0.283898618192567,0.0343497895045501,579,9.57674055429807e-16,-0.351363995660877,-0.216433240724257,"2015-11",22
"sarpanch_uncontested","elite","leave_one_month_out_baseline_SE",598,-0.281135531135531,0.0338490249321541,596,6.69947872164867e-16,-0.347613400263124,-0.214657662007938,"2015-12",5
"sarpanch_uncontested","elite","leave_one_month_out_baseline_SE",602,-0.282120958751393,0.0337487948968112,600,4.40300072323126e-16,-0.348401081762306,-0.215840835740481,"2016-01",1
"sarpanch_uncontested","elite","leave_one_month_out_baseline_SE",600,-0.281630937368642,0.03379870198238,598,5.42910143154612e-16,-0.348009522895624,-0.215252351841661,"2016-03",3
"sarpanch_uncontested","elite","leave_one_month_out_baseline_SE",600,-0.281630937368642,0.03379870198238,598,5.42910143154622e-16,-0.348009522895624,-0.215252351841661,"2016-08",3
"sarpanch_uncontested","elite","leave_one_month_out_baseline_SE",601,-0.283239013484246,0.0337835306743546,599,3.66615041465312e-16,-0.349587578858843,-0.216890448109649,"2016-10",2
"sarpanch_uncontested","elite","leave_one_month_out_baseline_SE",600,-0.281630937368642,0.03379870198238,598,5.42910143154622e-16,-0.348009522895624,-0.215252351841661,"2016-11",3
"sarpanch_uncontested","elite","leave_one_month_out_baseline_SE",600,-0.278898696931483,0.0337784242191155,598,9.62364167552465e-16,-0.345237458170424,-0.212559935692542,"2017-02",3
"sarpanch_uncontested","elite","leave_one_month_out_baseline_SE",602,-0.279403567447046,0.0337288168329005,600,7.80147962166127e-16,-0.345644455026365,-0.213162679867727,"2017-05",1
"sarpanch_uncontested","elite","leave_one_month_out_baseline_SE",602,-0.282120958751393,0.0337487948968112,600,4.40300072323133e-16,-0.348401081762306,-0.215840835740481,"2017-06",1
"sarpanch_uncontested","elite","leave_one_month_out_baseline_SE",602,-0.280458727334054,0.0337709080772202,600,6.66221543962978e-16,-0.346782278986557,-0.214135175681552,"2017-08",1
"sarpanch_uncontested","elite","leave_one_month_out_baseline_SE",599,-0.278779309532226,0.0339446826238733,597,1.34211222511952e-15,-0.345444818578964,-0.212113800485488,"2017-09",4
"sarpanch_uncontested","elite","leave_one_month_out_baseline_SE",531,-0.261065943992774,0.0379579175189251,529,1.72143265474627e-11,-0.335632698941598,-0.186499189043949,"2017-10",72
"sarpanch_uncontested","elite","leave_one_month_out_baseline_SE",569,-0.274214092140922,0.0352669804760085,567,3.56436430328375e-14,-0.343483967352596,-0.204944216929248,"2017-11",34
"sarpanch_uncontested","elite","leave_one_month_out_baseline_SE",566,-0.287386680973409,0.0346813381949747,564,8.54554431981942e-16,-0.355507038069315,-0.219266323877503,"2017-12",37
"sarpanch_uncontested","elite","leave_one_month_out_baseline_SE",595,-0.280895508070124,0.0339716790579312,593,8.93592423070155e-16,-0.347614950861778,-0.214176065278471,"2018-01",8
"sarpanch_uncontested","elite","leave_one_month_out_baseline_SE",598,-0.282576537555769,0.0337940928318285,596,4.38041318446183e-16,-0.348946522660597,-0.21620655245094,"2018-02",5
"sarpanch_uncontested","elite","leave_one_month_out_baseline_SE",602,-0.284750572827617,0.0335657456204178,600,1.70945420059682e-16,-0.350671200674524,-0.21882994498071,"2018-03",1
"sarpanch_uncontested","elite","leave_one_month_out_baseline_SE",602,-0.280458727334054,0.0337709080772202,600,6.66221543962978e-16,-0.346782278986557,-0.214135175681552,"2018-04",1
"sarpanch_uncontested","elite","leave_one_month_out_baseline_SE",590,-0.282517259561736,0.0340570334386289,588,7.40891175029837e-16,-0.349405499222601,-0.215629019900871,"2018-05",13
"sarpanch_uncontested","elite","leave_one_month_out_baseline_SE",602,-0.280458727334054,0.0337709080772202,600,6.66221543962978e-16,-0.346782278986557,-0.214135175681552,"2018-06",1
"sarpanch_uncontested","elite","leave_one_month_out_baseline_SE",599,-0.28747496170614,0.0335237947836192,597,8.50320493692827e-17,-0.353313869943761,-0.22163605346852,"2018-07",4
"sarpanch_uncontested","elite","leave_one_month_out_baseline_SE",598,-0.278209725328695,0.0340038065650921,596,1.69721329287368e-15,-0.344991578194621,-0.211427872462769,"2018-08",5
"sarpanch_uncontested","elite","leave_one_month_out_baseline_SE",595,-0.285320286831187,0.0337545437478761,593,2.2094678421038e-16,-0.351613281849312,-0.219027291813061,"2018-09",8
"sarpanch_uncontested","elite","leave_one_month_out_baseline_SE",602,-0.284750572827617,0.0335657456204177,600,1.70945420059656e-16,-0.350671200674524,-0.21882994498071,"2018-10",1
"sarpanch_uncontested","elite","leave_one_month_out_baseline_SE",602,-0.280458727334054,0.0337709080772202,600,6.66221543962978e-16,-0.346782278986557,-0.214135175681552,"2018-11",1
"sarpanch_uncontested","elite","leave_one_month_out_baseline_SE",592,-0.283653554024329,0.0339341029257268,590,4.55653214272021e-16,-0.35029989137377,-0.217007216674888,"2018-12",11
"sarpanch_uncontested","elite","leave_one_month_out_baseline_SE",596,-0.281460788176163,0.03391186475993,594,7.04103378032248e-16,-0.348062528025955,-0.214859048326372,"2019-01",7
"sarpanch_uncontested","elite","leave_one_month_out_baseline_SE",599,-0.283127135619182,0.0337361185674959,597,3.4585987231322e-16,-0.349383036211444,-0.21687123502692,"2019-02",4
"sarpanch_uncontested","elite","leave_one_month_out_baseline_SE",595,-0.276470729309063,0.0341848899341006,593,3.44528964227401e-15,-0.343608912394092,-0.209332546224035,"2019-03",8
"sarpanch_uncontested","elite","leave_one_month_out_baseline_SE",602,-0.280458727334054,0.0337709080772202,600,6.66221543962978e-16,-0.346782278986557,-0.214135175681552,"2019-05",1
"sarpanch_uncontested","elite","leave_one_month_out_baseline_SE",601,-0.279903747313335,0.033828241342583,599,8.40868728262748e-16,-0.346340121411137,-0.213467373215532,"2019-06",2
"sarpanch_uncontested","elite","leave_one_month_out_baseline_SE",602,-0.284750572827617,0.0335657456204178,600,1.70945420059682e-16,-0.350671200674524,-0.21882994498071,"2019-07",1
"sarpanch_uncontested","elite","leave_one_month_out_baseline_SE",602,-0.280458727334055,0.0337709080772202,600,6.66221543962952e-16,-0.346782278986557,-0.214135175681552,"2019-08",1
"sarpanch_uncontested","elite","leave_one_month_out_baseline_SE",601,-0.279903747313335,0.033828241342583,599,8.40868728262723e-16,-0.346340121411137,-0.213467373215532,"2019-12",2
"sarpanch_uncontested","elite","leave_one_month_out_baseline_SE",602,-0.280458727334054,0.0337709080772202,600,6.66221543962978e-16,-0.346782278986557,-0.214135175681552,"2020-01",1
"sarpanch_uncontested","elite","leave_one_month_out_baseline_SE",601,-0.283239013484245,0.0337835306743546,599,3.66615041465328e-16,-0.349587578858842,-0.216890448109648,"2020-02",2
"sarpanch_uncontested","elite","leave_one_month_out_baseline_SE",597,-0.276753549480822,0.03384299853774,595,1.75553929078381e-15,-0.343219810360824,-0.21028728860082,"2020-12",6
"sarpanch_uncontested","elite","leave_one_month_out_baseline_SE",451,-0.304974595297177,0.0402048478826354,449,1.92390260513199e-13,-0.383987633671355,-0.225961556922999,"2021-01",152
"sarpanch_uncontested","elite","leave_one_month_out_baseline_SE",556,-0.278627169931518,0.035092284923573,554,1.132209384746e-14,-0.347557375667407,-0.20969696419563,"2021-02",47
"sarpanch_uncontested","elite","leave_one_month_out_baseline_SE",600,-0.281630937368642,0.03379870198238,598,5.42910143154628e-16,-0.348009522895624,-0.21525235184166,"2021-03",3
"resignation","elite","leave_one_month_out_baseline_SE",599,-0.208470356102603,0.0244802403729001,597,1.34456320614544e-16,-0.256548215722894,-0.160392496482313,"2015-01",2
"resignation","elite","leave_one_month_out_baseline_SE",599,-0.20302076482195,0.024316448384475,597,4.80506778989286e-16,-0.250776945892255,-0.155264583751644,"2015-04",2
"resignation","elite","leave_one_month_out_baseline_SE",599,-0.205745560462277,0.0243988975350292,597,2.54616489870835e-16,-0.253663667176521,-0.157827453748032,"2015-05",2
"resignation","elite","leave_one_month_out_baseline_SE",594,-0.203419698990284,0.0244656390350815,592,6.33825592594019e-16,-0.251469706769771,-0.155369691210797,"2015-06",7
"resignation","elite","leave_one_month_out_baseline_SE",582,-0.19128078817734,0.0244160642893255,580,2.26175487127703e-14,-0.23923546470854,-0.14332611164614,"2015-07",19
"resignation","elite","leave_one_month_out_baseline_SE",555,-0.178472296359559,0.0247785005970767,553,1.94044427384049e-12,-0.22714378953355,-0.129800803185569,"2015-08",46
"resignation","elite","leave_one_month_out_baseline_SE",595,-0.197278426902251,0.0242471791841744,593,2.40302639024898e-15,-0.244899219553647,-0.149657634250856,"2015-09",6
"resignation","elite","leave_one_month_out_baseline_SE",570,-0.187155682513772,0.0246274880599081,568,1.23457766115919e-13,-0.235527745477721,-0.138783619549823,"2015-10",31
"resignation","elite","leave_one_month_out_baseline_SE",579,-0.210449170227567,0.025112667517794,577,4.04315173942705e-16,-0.259772555287607,-0.161125785167527,"2015-11",22
"resignation","elite","leave_one_month_out_baseline_SE",596,-0.199412656309208,0.024286817658123,594,1.37426914749674e-15,-0.247111133609014,-0.151714179009401,"2015-12",5
"resignation","elite","leave_one_month_out_baseline_SE",600,-0.207833583208396,0.0244340624138111,598,1.447004650095e-16,-0.255820588820396,-0.159846577596397,"2016-01",1
"resignation","elite","leave_one_month_out_baseline_SE",598,-0.20911060863011,0.024526641423875,596,1.24907889064594e-16,-0.25727976156683,-0.160941455693391,"2016-03",3
"resignation","elite","leave_one_month_out_baseline_SE",599,-0.205745560462277,0.0243988975350292,597,2.54616489870835e-16,-0.253663667176521,-0.157827453748032,"2016-08",2
"resignation","elite","leave_one_month_out_baseline_SE",599,-0.205745560462277,0.0243988975350292,597,2.54616489870835e-16,-0.253663667176521,-0.157827453748032,"2016-10",2
"resignation","elite","leave_one_month_out_baseline_SE",598,-0.20911060863011,0.024526641423875,596,1.24907889064598e-16,-0.25727976156683,-0.160941455693391,"2016-11",3
"resignation","elite","leave_one_month_out_baseline_SE",598,-0.20911060863011,0.024526641423875,596,1.24907889064602e-16,-0.25727976156683,-0.160941455693391,"2017-02",3
"resignation","elite","leave_one_month_out_baseline_SE",600,-0.205116191904048,0.0243528165072499,598,2.73724907013501e-16,-0.252943635519845,-0.157288748288252,"2017-05",1
"resignation","elite","leave_one_month_out_baseline_SE",600,-0.207833583208397,0.024434062413811,598,1.44700465009494e-16,-0.255820588820396,-0.159846577596397,"2017-06",1
"resignation","elite","leave_one_month_out_baseline_SE",600,-0.20708830464928,0.0244072825345636,598,1.7029826800399e-16,-0.25502271621474,-0.15915389308382,"2017-08",1
"resignation","elite","leave_one_month_out_baseline_SE",597,-0.206746541149622,0.0244662214014076,595,2.23796687776096e-16,-0.254797196371571,-0.158695885927674,"2017-09",4
"resignation","elite","leave_one_month_out_baseline_SE",530,-0.202006430002188,0.0259574575382342,528,3.77910060902009e-14,-0.252999000405919,-0.151013859598458,"2017-10",71
"resignation","elite","leave_one_month_out_baseline_SE",567,-0.212860310421285,0.0242114600248625,565,1.77378604375784e-17,-0.260415771400371,-0.165304849442199,"2017-11",34
"resignation","elite","leave_one_month_out_baseline_SE",564,-0.202293099854076,0.0252871964547374,562,7.15541968489038e-15,-0.251962060886838,-0.152624138821314,"2017-12",37
"resignation","elite","leave_one_month_out_baseline_SE",593,-0.210740902051878,0.0241573996627033,591,2.73589004177128e-17,-0.25818569855247,-0.163296105551286,"2018-01",8
"resignation","elite","leave_one_month_out_baseline_SE",596,-0.206630612561632,0.0244863502832064,594,2.45474086291534e-16,-0.254720965096888,-0.158540260026375,"2018-02",5
"resignation","elite","leave_one_month_out_baseline_SE",600,-0.20708830464928,0.0244072825345636,598,1.7029826800399e-16,-0.25502271621474,-0.15915389308382,"2018-03",1
"resignation","elite","leave_one_month_out_baseline_SE",600,-0.20708830464928,0.0244072825345636,598,1.70298268004001e-16,-0.25502271621474,-0.15915389308382,"2018-04",1
"resignation","elite","leave_one_month_out_baseline_SE",589,-0.20578960335058,0.0246344230834484,587,4.78450919932584e-16,-0.254171943750356,-0.157407262950803,"2018-05",12
"resignation","elite","leave_one_month_out_baseline_SE",600,-0.20708830464928,0.0244072825345636,598,1.70298268004001e-16,-0.25502271621474,-0.15915389308382,"2018-06",1
"resignation","elite","leave_one_month_out_baseline_SE",597,-0.206746541149622,0.0244662214014077,595,2.23796687776101e-16,-0.254797196371571,-0.158695885927674,"2018-07",4
"resignation","elite","leave_one_month_out_baseline_SE",596,-0.206630612561632,0.0244863502832064,594,2.45474086291534e-16,-0.254720965096888,-0.158540260026375,"2018-08",5
"resignation","elite","leave_one_month_out_baseline_SE",593,-0.206276616337592,0.0245482400650839,591,3.25323885461926e-16,-0.254489017945277,-0.158064214729908,"2018-09",8
"resignation","elite","leave_one_month_out_baseline_SE",600,-0.20708830464928,0.0244072825345636,598,1.70298268003996e-16,-0.255022716214741,-0.15915389308382,"2018-10",1
"resignation","elite","leave_one_month_out_baseline_SE",600,-0.20708830464928,0.0244072825345636,598,1.70298268004001e-16,-0.25502271621474,-0.15915389308382,"2018-11",1
"resignation","elite","leave_one_month_out_baseline_SE",590,-0.205913009356338,0.0246124718476374,588,4.33982146099567e-16,-0.254252067382566,-0.15757395133011,"2018-12",11
"resignation","elite","leave_one_month_out_baseline_SE",594,-0.206395663956639,0.0245273555415466,592,2.9596051529943e-16,-0.254566881675156,-0.158224446238123,"2019-01",7
"resignation","elite","leave_one_month_out_baseline_SE",597,-0.206746541149622,0.0244662214014076,595,2.23796687776096e-16,-0.254797196371571,-0.158695885927674,"2019-02",4
"resignation","elite","leave_one_month_out_baseline_SE",593,-0.210740902051878,0.0241573996627032,591,2.73589004177124e-17,-0.25818569855247,-0.163296105551286,"2019-03",8
"resignation","elite","leave_one_month_out_baseline_SE",600,-0.20708830464928,0.0244072825345636,598,1.70298268004001e-16,-0.25502271621474,-0.15915389308382,"2019-05",1
"resignation","elite","leave_one_month_out_baseline_SE",599,-0.206975374101567,0.0244266913646549,597,1.86405568239219e-16,-0.254948066384364,-0.15900268181877,"2019-06",2
"resignation","elite","leave_one_month_out_baseline_SE",600,-0.20708830464928,0.0244072825345636,598,1.70298268004001e-16,-0.25502271621474,-0.15915389308382,"2019-07",1
"resignation","elite","leave_one_month_out_baseline_SE",600,-0.20708830464928,0.0244072825345636,598,1.70298268004001e-16,-0.25502271621474,-0.15915389308382,"2019-08",1
"resignation","elite","leave_one_month_out_baseline_SE",599,-0.206975374101567,0.0244266913646549,597,1.86405568239222e-16,-0.254948066384364,-0.15900268181877,"2019-12",2
"resignation","elite","leave_one_month_out_baseline_SE",600,-0.211417308978284,0.0240372618440208,598,1.51798087840474e-17,-0.258625022516502,-0.164209595440066,"2020-01",1
"resignation","elite","leave_one_month_out_baseline_SE",599,-0.205745560462277,0.0243988975350292,597,2.54616489870835e-16,-0.253663667176521,-0.157827453748032,"2020-02",2
"resignation","elite","leave_one_month_out_baseline_SE",595,-0.211052531585446,0.0246671970226858,593,9.99978847386364e-17,-0.259498227713065,-0.162606835457827,"2020-12",6
"resignation","elite","leave_one_month_out_baseline_SE",448,-0.307471264367816,0.0338031551766941,446,3.11978079451707e-18,-0.373904510472097,-0.241038018263536,"2021-01",153
"resignation","elite","leave_one_month_out_baseline_SE",554,-0.225690726065539,0.0263739434020529,552,1.14633390692918e-16,-0.277496294438619,-0.173885157692459,"2021-02",47
"resignation","elite","leave_one_month_out_baseline_SE",598,-0.20911060863011,0.024526641423875,596,1.24907889064594e-16,-0.25727976156683,-0.160941455693391,"2021-03",3
"rich_landowner_influences_gp","elite","leave_one_month_out_baseline_SE",586,-0.0836177265666094,0.0228403989295228,584,0.000274065623644503,-0.128477055349537,-0.038758397783682,"2015-01",2
"rich_landowner_influences_gp","elite","leave_one_month_out_baseline_SE",586,-0.0836177265666093,0.0228403989295228,584,0.000274065623644506,-0.128477055349537,-0.0387583977836819,"2015-04",2
"rich_landowner_influences_gp","elite","leave_one_month_out_baseline_SE",586,-0.0836177265666093,0.0228403989295227,584,0.000274065623644505,-0.128477055349537,-0.0387583977836819,"2015-05",2
"rich_landowner_influences_gp","elite","leave_one_month_out_baseline_SE",581,-0.0854877927749106,0.0230254915070316,579,0.000224838160794714,-0.13071146076011,-0.0402641247897114,"2015-06",7
"rich_landowner_influences_gp","elite","leave_one_month_out_baseline_SE",569,-0.0843180066786539,0.0232230006781322,567,0.000308130735000326,-0.129931618541716,-0.0387043948155917,"2015-07",19
"rich_landowner_influences_gp","elite","leave_one_month_out_baseline_SE",544,-0.075774589311707,0.0233674897540959,542,0.0012567167341828,-0.121676529326775,-0.0298726492966388,"2015-08",44
"rich_landowner_influences_gp","elite","leave_one_month_out_baseline_SE",583,-0.081908568327042,0.0228218692270814,581,0.000359924787741066,-0.126731984780155,-0.0370851518739292,"2015-09",5
"rich_landowner_influences_gp","elite","leave_one_month_out_baseline_SE",561,-0.0875072341768823,0.0235488630895087,559,0.00022276779756497,-0.133762306879099,-0.0412521614746657,"2015-10",27
"rich_landowner_influences_gp","elite","leave_one_month_out_baseline_SE",569,-0.0784356537374775,0.0229444287758153,567,0.000674873768509809,-0.123502106738326,-0.0333692007366292,"2015-11",19
"rich_landowner_influences_gp","elite","leave_one_month_out_baseline_SE",583,-0.0734339920558558,0.0224246772544738,581,0.00112068342027825,-0.117477301453632,-0.02939068265808,"2015-12",5
"rich_landowner_influences_gp","elite","leave_one_month_out_baseline_SE",587,-0.0832499817033009,0.0228040581748926,585,0.000284987048531362,-0.128037777002294,-0.0384621864043074,"2016-01",1
"rich_landowner_influences_gp","elite","leave_one_month_out_baseline_SE",585,-0.0811785486482509,0.0227488431862653,583,0.000388622594196146,-0.125858217956252,-0.0364988793402501,"2016-03",3
"rich_landowner_influences_gp","elite","leave_one_month_out_baseline_SE",585,-0.078369559884206,0.0226190149225696,583,0.000569688624379718,-0.12279424111034,-0.033944878658072,"2016-08",3
"rich_landowner_influences_gp","elite","leave_one_month_out_baseline_SE",586,-0.0836177265666093,0.0228403989295228,584,0.000274065623644506,-0.128477055349537,-0.0387583977836819,"2016-10",2
"rich_landowner_influences_gp","elite","leave_one_month_out_baseline_SE",585,-0.0839875374122957,0.0228769631616762,583,0.000263517218303842,-0.128918839653287,-0.039056235171304,"2016-11",3
"rich_landowner_influences_gp","elite","leave_one_month_out_baseline_SE",585,-0.0811785486482509,0.0227488431862653,583,0.000388622594196144,-0.125858217956252,-0.0364988793402501,"2017-02",3
"rich_landowner_influences_gp","elite","leave_one_month_out_baseline_SE",587,-0.0832499817033009,0.0228040581748926,585,0.00028498704853136,-0.128037777002294,-0.0384621864043074,"2017-05",1
"rich_landowner_influences_gp","elite","leave_one_month_out_baseline_SE",587,-0.0832499817033009,0.0228040581748926,585,0.000284987048531362,-0.128037777002294,-0.0384621864043074,"2017-06",1
"rich_landowner_influences_gp","elite","leave_one_month_out_baseline_SE",587,-0.0826736060206224,0.0228057299470104,585,0.000313994462735073,-0.127464684725877,-0.0378825273153677,"2017-08",1
"rich_landowner_influences_gp","elite","leave_one_month_out_baseline_SE",584,-0.0820303311668213,0.02292167676073,582,0.000374058643582603,-0.127049613680495,-0.037011048653148,"2017-09",4
"rich_landowner_influences_gp","elite","leave_one_month_out_baseline_SE",516,-0.086333232794564,0.0243081074424525,514,0.000418072260747768,-0.134088697604963,-0.038577767984165,"2017-10",72
"rich_landowner_influences_gp","elite","leave_one_month_out_baseline_SE",554,-0.0950217841582744,0.0222758932273009,552,2.34494555059461e-05,-0.138777672008119,-0.0512658963084302,"2017-11",34
"rich_landowner_influences_gp","elite","leave_one_month_out_baseline_SE",553,-0.0742181891278753,0.0243915794774623,551,0.00245576299501029,-0.12213004888663,-0.02630632936912,"2017-12",35
"rich_landowner_influences_gp","elite","leave_one_month_out_baseline_SE",581,-0.081369670506161,0.0230416207382583,579,0.000446238460942331,-0.126625017424148,-0.0361143235881742,"2018-01",7
"rich_landowner_influences_gp","elite","leave_one_month_out_baseline_SE",583,-0.0818120771985675,0.0229612051381563,581,0.000396657094385005,-0.126909157106099,-0.0367149972910357,"2018-02",5
"rich_landowner_influences_gp","elite","leave_one_month_out_baseline_SE",587,-0.0826736060206224,0.0228057299470104,585,0.000313994462735073,-0.127464684725877,-0.0378825273153677,"2018-03",1
"rich_landowner_influences_gp","elite","leave_one_month_out_baseline_SE",587,-0.0826736060206224,0.0228057299470104,585,0.000313994462735073,-0.127464684725877,-0.0378825273153677,"2018-04",1
"rich_landowner_influences_gp","elite","leave_one_month_out_baseline_SE",575,-0.0846229237594143,0.0228731730615447,573,0.00023669250163393,-0.129548413095284,-0.039697434423545,"2018-05",13
"rich_landowner_influences_gp","elite","leave_one_month_out_baseline_SE",587,-0.0826736060206224,0.0228057299470104,585,0.000313994462735073,-0.127464684725877,-0.0378825273153677,"2018-06",1
"rich_landowner_influences_gp","elite","leave_one_month_out_baseline_SE",584,-0.086474775611266,0.0225258484309464,582,0.000137121304560587,-0.130716632128078,-0.0422329190944539,"2018-07",4
"rich_landowner_influences_gp","elite","leave_one_month_out_baseline_SE",583,-0.0818120771985675,0.0229612051381563,581,0.000396657094385005,-0.126909157106099,-0.0367149972910357,"2018-08",5
"rich_landowner_influences_gp","elite","leave_one_month_out_baseline_SE",581,-0.081369670506161,0.0230416207382583,579,0.000446238460942328,-0.126625017424148,-0.0361143235881742,"2018-09",7
"rich_landowner_influences_gp","elite","leave_one_month_out_baseline_SE",587,-0.0826736060206224,0.0228057299470104,585,0.000313994462735073,-0.127464684725877,-0.0378825273153677,"2018-11",1
"rich_landowner_influences_gp","elite","leave_one_month_out_baseline_SE",577,-0.0850476604226826,0.0227928145011802,575,0.000209371957602155,-0.129814986903334,-0.0402803339420313,"2018-12",11
"rich_landowner_influences_gp","elite","leave_one_month_out_baseline_SE",581,-0.0813696705061609,0.0230416207382583,579,0.000446238460942337,-0.126625017424148,-0.0361143235881741,"2019-01",7
"rich_landowner_influences_gp","elite","leave_one_month_out_baseline_SE",584,-0.0820303311668213,0.02292167676073,582,0.000374058643582605,-0.127049613680495,-0.037011048653148,"2019-02",4
"rich_landowner_influences_gp","elite","leave_one_month_out_baseline_SE",580,-0.0811454643996016,0.0230825216229276,578,0.00047341489502651,-0.126481307798369,-0.035809621000834,"2019-03",8
"rich_landowner_influences_gp","elite","leave_one_month_out_baseline_SE",587,-0.0826736060206224,0.0228057299470104,585,0.000313994462735072,-0.127464684725877,-0.0378825273153677,"2019-05",1
"rich_landowner_influences_gp","elite","leave_one_month_out_baseline_SE",586,-0.0824610702759746,0.0228439456287856,584,0.000332807021793937,-0.127327364898195,-0.0375947756537544,"2019-06",2
"rich_landowner_influences_gp","elite","leave_one_month_out_baseline_SE",587,-0.0826736060206224,0.0228057299470104,585,0.00031399446273507,-0.127464684725877,-0.0378825273153677,"2019-07",1
"rich_landowner_influences_gp","elite","leave_one_month_out_baseline_SE",587,-0.0826736060206225,0.0228057299470104,585,0.000313994462735069,-0.127464684725877,-0.0378825273153677,"2019-08",1
"rich_landowner_influences_gp","elite","leave_one_month_out_baseline_SE",586,-0.0824610702759747,0.0228439456287856,584,0.000332807021793933,-0.127327364898195,-0.0375947756537544,"2019-12",2
"rich_landowner_influences_gp","elite","leave_one_month_out_baseline_SE",587,-0.0826736060206224,0.0228057299470104,585,0.000313994462735073,-0.127464684725877,-0.0378825273153677,"2020-01",1
"rich_landowner_influences_gp","elite","leave_one_month_out_baseline_SE",586,-0.0836177265666094,0.0228403989295228,584,0.000274065623644504,-0.128477055349537,-0.038758397783682,"2020-02",2
"rich_landowner_influences_gp","elite","leave_one_month_out_baseline_SE",582,-0.0851095414228632,0.0229880149971898,580,0.000234001660659695,-0.130259439875849,-0.0399596429698778,"2020-12",6
"rich_landowner_influences_gp","elite","leave_one_month_out_baseline_SE",436,-0.0920616838596713,0.0280243327990116,434,0.00110225716735727,-0.147141970417591,-0.0369813973017515,"2021-01",152
"rich_landowner_influences_gp","elite","leave_one_month_out_baseline_SE",541,-0.0929907065278242,0.0242913341568943,539,0.000144264768163528,-0.140707995127198,-0.045273417928451,"2021-02",47
"rich_landowner_influences_gp","elite","leave_one_month_out_baseline_SE",585,-0.0811785486482509,0.0227488431862653,583,0.000388622594196144,-0.125858217956252,-0.0364988793402501,"2021-03",3
"sarpanch_nominate_BDO","citizen","leave_one_month_out_baseline_SE",3591,0.0807274222927311,0.0211549463542589,491.611129510055,0.000152924293802779,0.039162158560105,0.122292686025357,"2015-01",12
"sarpanch_nominate_BDO","citizen","leave_one_month_out_baseline_SE",3590,0.0836505253876098,0.0211226178156068,491.701185247956,8.5941344351035e-05,0.0421487995648582,0.125152251210361,"2015-04",13
"sarpanch_nominate_BDO","citizen","leave_one_month_out_baseline_SE",3591,0.0807274222927311,0.0211549463542589,491.611129510055,0.000152924293802778,0.039162158560105,0.122292686025357,"2015-05",12
"sarpanch_nominate_BDO","citizen","leave_one_month_out_baseline_SE",3562,0.0812212513211362,0.0212006053492378,492.602267067625,0.000144071762273623,0.0395664835783716,0.122876019063901,"2015-06",41
"sarpanch_nominate_BDO","citizen","leave_one_month_out_baseline_SE",3482,0.0809032876331204,0.0214012912864973,495.593363720794,0.000175725910147306,0.0388548389165118,0.122951736349729,"2015-07",121
"sarpanch_nominate_BDO","citizen","leave_one_month_out_baseline_SE",3331,0.0782557984537459,0.0216818911689393,497.327967496668,0.000338156662651732,0.0356564014145434,0.120855195492948,"2015-08",272
"sarpanch_nominate_BDO","citizen","leave_one_month_out_baseline_SE",3567,0.0830244163250756,0.021208609593524,492.469541540447,0.000103286521281388,0.0413538942515938,0.124694938398557,"2015-09",36
"sarpanch_nominate_BDO","citizen","leave_one_month_out_baseline_SE",3417,0.0829137551450172,0.0216019058851966,496.624741187919,0.000139907696614857,0.040471362219245,0.125356148070789,"2015-10",186
"sarpanch_nominate_BDO","citizen","leave_one_month_out_baseline_SE",3478,0.078342341226208,0.0213536771612595,494.913900747134,0.000270130654205589,0.036387301939132,0.120297380513284,"2015-11",125
"sarpanch_nominate_BDO","citizen","leave_one_month_out_baseline_SE",3573,0.0791166799964453,0.021144353343985,492.259546230374,0.000204287058248825,0.0375723644742318,0.120660995518659,"2015-12",30
"sarpanch_nominate_BDO","citizen","leave_one_month_out_baseline_SE",3595,0.0813343108504371,0.0211490154014771,491.584308723834,0.000135977566825358,0.0397806946657663,0.122887927035108,"2016-01",8
"sarpanch_nominate_BDO","citizen","leave_one_month_out_baseline_SE",3585,0.0818677272057731,0.0211782804390474,491.830282912304,0.000125660392582038,0.0402566623938024,0.123478792017744,"2016-03",18
"sarpanch_nominate_BDO","citizen","leave_one_month_out_baseline_SE",3585,0.0809544851966407,0.0211630670498976,491.891721639906,0.00014743638391618,0.0393733244484421,0.122535645944839,"2016-08",18
"sarpanch_nominate_BDO","citizen","leave_one_month_out_baseline_SE",3591,0.0825489159175034,0.0211355466546302,491.611129510057,0.000107095697449635,0.0410217687377581,0.124076063097249,"2016-10",12
"sarpanch_nominate_BDO","citizen","leave_one_month_out_baseline_SE",3582,0.084269215452012,0.0211369777288672,492.208957695949,7.71204570105738e-05,0.0427393809800336,0.12579904992399,"2016-11",21
"sarpanch_nominate_BDO","citizen","leave_one_month_out_baseline_SE",3585,0.0804978641920749,0.0211582438112977,491.830282912302,0.000159947867634686,0.0389261673268222,0.122069561057328,"2017-02",18
"sarpanch_nominate_BDO","citizen","leave_one_month_out_baseline_SE",3597,0.0814098620022856,0.02114192486646,491.38903675479,0.000133389651154079,0.0398701365703978,0.122949587434173,"2017-05",6
"sarpanch_nominate_BDO","citizen","leave_one_month_out_baseline_SE",3597,0.0818639946090055,0.0211419911854655,491.38903675479,0.000122485915100189,0.0403241388733116,0.123403850344699,"2017-06",6
"sarpanch_nominate_BDO","citizen","leave_one_month_out_baseline_SE",3596,0.0842665392807946,0.0210153858375563,488.589989466551,7.02866673587168e-05,0.0429748541082408,0.125558224453348,"2017-08",7
"sarpanch_nominate_BDO","citizen","leave_one_month_out_baseline_SE",3579,0.0837862318840605,0.0211221955373696,481.169704542375,8.39506403222245e-05,0.0422830943566531,0.125289369411468,"2017-09",24
"sarpanch_nominate_BDO","citizen","leave_one_month_out_baseline_SE",3171,0.0765172806898738,0.0235341534611076,303.246610358558,0.00127803011465312,0.0302063574132118,0.122828203966536,"2017-10",432
"sarpanch_nominate_BDO","citizen","leave_one_month_out_baseline_SE",3406,0.0848991979385927,0.0220446787215922,406.319575962068,0.000136500283850809,0.0415633374062008,0.128235058470985,"2017-11",197
"sarpanch_nominate_BDO","citizen","leave_one_month_out_baseline_SE",3381,0.0744085677749365,0.0225347295011261,395.826423188662,0.00104738089173589,0.030105847281237,0.118711288268636,"2017-12",222
"sarpanch_nominate_BDO","citizen","leave_one_month_out_baseline_SE",3557,0.0813152657362953,0.0214155984172378,471.440641077756,0.000165578548311202,0.0392334291748761,0.123397102297715,"2018-01",46
"sarpanch_nominate_BDO","citizen","leave_one_month_out_baseline_SE",3571,0.0854981418865036,0.0212381379614823,478.479087084051,6.60361462350154e-05,0.0437665966127371,0.12722968716027,"2018-02",32
"sarpanch_nominate_BDO","citizen","leave_one_month_out_baseline_SE",3597,0.0830662894794504,0.0211235344331871,488.67574374642,9.62614379140273e-05,0.041562128660831,0.12457045029807,"2018-03",6
"sarpanch_nominate_BDO","citizen","leave_one_month_out_baseline_SE",3597,0.0809064622656276,0.0211598335734246,488.67574374642,0.000148534442227778,0.0393309797958536,0.122481944735402,"2018-04",6
"sarpanch_nominate_BDO","citizen","leave_one_month_out_baseline_SE",3523,0.080997892213589,0.0216946399475677,458.225502164303,0.000212567631084873,0.0383645721138356,0.123631212313342,"2018-05",80
"sarpanch_nominate_BDO","citizen","leave_one_month_out_baseline_SE",3597,0.0801865198610207,0.0211224747344967,488.675743746419,0.000165358747484202,0.0386844411705132,0.121688598551528,"2018-06",6
"sarpanch_nominate_BDO","citizen","leave_one_month_out_baseline_SE",3579,0.0779510750642208,0.0212200743652167,481.16970454237,0.000266149764073607,0.0362556148000045,0.119646535328437,"2018-07",24
"sarpanch_nominate_BDO","citizen","leave_one_month_out_baseline_SE",3572,0.079876163457861,0.0213393162931988,478.566520586332,0.000203816853852378,0.0379458288377023,0.12180649807802,"2018-08",31
"sarpanch_nominate_BDO","citizen","leave_one_month_out_baseline_SE",3556,0.084775351567541,0.0211888635816795,471.255506189219,7.32495956936568e-05,0.0431390088249285,0.126411694310153,"2018-09",47
"sarpanch_nominate_BDO","citizen","leave_one_month_out_baseline_SE",3599,0.08067096708655,0.02113258062898,489.130103900705,0.000152195019980541,0.03914912778871,0.12219280638439,"2018-10",4
"sarpanch_nominate_BDO","citizen","leave_one_month_out_baseline_SE",3597,0.0816264046702352,0.0211724480755136,488.675743746419,0.000131028104492007,0.0400261368443455,0.123226672496125,"2018-11",6
"sarpanch_nominate_BDO","citizen","leave_one_month_out_baseline_SE",3537,0.0935680227042242,0.0212243287556162,463.432500025971,1.29479727865318e-05,0.0518601777527451,0.135275867655703,"2018-12",66
"sarpanch_nominate_BDO","citizen","leave_one_month_out_baseline_SE",3562,0.0796011014064617,0.0213859742717296,473.789016235375,0.000221288303897688,0.0375780126360432,0.12162419017688,"2019-01",41
"sarpanch_nominate_BDO","citizen","leave_one_month_out_baseline_SE",3580,0.0803848713398412,0.0212913938996254,481.35199198185,0.000179668766202516,0.038549314814474,0.122220427865208,"2019-02",23
"sarpanch_nominate_BDO","citizen","leave_one_month_out_baseline_SE",3554,0.0775950481297243,0.0213555197080167,470.981164666664,0.00031036056816599,0.0356311613866594,0.119558934872789,"2019-03",49
"sarpanch_nominate_BDO","citizen","leave_one_month_out_baseline_SE",3599,0.0813898743475124,0.021153195768968,489.130103900707,0.000135058420266132,0.0398275298910875,0.122952218803937,"2019-05",4
"sarpanch_nominate_BDO","citizen","leave_one_month_out_baseline_SE",3591,0.0830631660850699,0.0211026029349381,486.180494736695,9.48797270265491e-05,0.041599603764638,0.124526728405502,"2019-06",12
"sarpanch_nominate_BDO","citizen","leave_one_month_out_baseline_SE",3597,0.0809064622656278,0.0211598335734246,488.675743746419,0.000148534442227775,0.0393309797958537,0.122481944735402,"2019-07",6
"sarpanch_nominate_BDO","citizen","leave_one_month_out_baseline_SE",3597,0.0816264046702352,0.0211724480755136,488.675743746418,0.000131028104492007,0.0400261368443455,0.123226672496125,"2019-08",6
"sarpanch_nominate_BDO","citizen","leave_one_month_out_baseline_SE",3591,0.0801709028891182,0.0211760504097274,486.180494736692,0.000172286084562067,0.0385630269047467,0.12177877887349,"2019-12",12
"sarpanch_nominate_BDO","citizen","leave_one_month_out_baseline_SE",3597,0.0816264046702352,0.0211724480755136,488.675743746419,0.000131028104492007,0.0400261368443455,0.123226672496125,"2020-01",6
"sarpanch_nominate_BDO","citizen","leave_one_month_out_baseline_SE",3593,0.0817135812615568,0.0211346869764019,491.476789184205,0.000125332221762246,0.0401880951665596,0.123239067356554,"2020-02",10
"sarpanch_nominate_BDO","citizen","leave_one_month_out_baseline_SE",3567,0.0825640111685382,0.0211684823501847,492.469541540403,0.000109398752991581,0.0409723308112918,0.124155691525785,"2020-12",36
"sarpanch_nominate_BDO","citizen","leave_one_month_out_baseline_SE",2693,0.0720662060738606,0.0241241540942823,442.120687469522,0.00297106588641918,0.0246539417218234,0.119478470425898,"2021-01",910
"sarpanch_nominate_BDO","citizen","leave_one_month_out_baseline_SE",3324,0.0958276894262444,0.0216740227431868,497.415013824294,1.20553441001816e-05,0.0532437700197884,0.1384116088327,"2021-02",279
"sarpanch_nominate_BDO","citizen","leave_one_month_out_baseline_SE",3585,0.0791280011783767,0.0211379450179332,491.830282912307,0.000202990492834683,0.0375961873625873,0.120659814994166,"2021-03",18
"sarpanch_inauguralevents","citizen","leave_one_month_out_baseline_SE",3527,0.131898213004638,0.0205676687851659,487.833593245093,3.37744410786752e-10,0.0914860606560223,0.172310365353254,"2015-01",9
"sarpanch_inauguralevents","citizen","leave_one_month_out_baseline_SE",3523,0.132145525936796,0.0205689812733868,488.141896637985,3.14642424632401e-10,0.0917308582432895,0.172560193630303,"2015-04",13
"sarpanch_inauguralevents","citizen","leave_one_month_out_baseline_SE",3524,0.131505175961646,0.020578976317819,488.049395941154,3.87082201188103e-10,0.0910708506008706,0.171939501322422,"2015-05",12
"sarpanch_inauguralevents","citizen","leave_one_month_out_baseline_SE",3496,0.134190767380774,0.0206610990764106,489.037619338946,2.0472699235166e-10,0.09359528815106,0.174786246610487,"2015-06",40
"sarpanch_inauguralevents","citizen","leave_one_month_out_baseline_SE",3417,0.130043484752473,0.020779654398997,492.113223601131,8.47880442046738e-10,0.0892156979017552,0.170871271603191,"2015-07",119
"sarpanch_inauguralevents","citizen","leave_one_month_out_baseline_SE",3273,0.140495826499137,0.0212152656773618,493.826560976244,9.24669882841561e-11,0.0988125087903189,0.182179144207955,"2015-08",263
"sarpanch_inauguralevents","citizen","leave_one_month_out_baseline_SE",3500,0.131596772925479,0.0206369254088192,488.955593038364,4.19299488241651e-10,0.0910487738875981,0.17214477196336,"2015-09",36
"sarpanch_inauguralevents","citizen","leave_one_month_out_baseline_SE",3360,0.141939615218863,0.0210573198587391,492.696982038823,4.42146349648993e-11,0.100566393168972,0.183312837268754,"2015-10",176
"sarpanch_inauguralevents","citizen","leave_one_month_out_baseline_SE",3410,0.125486503700099,0.0207465997040304,491.638136869357,2.89704520337259e-09,0.084723565477259,0.166249441922939,"2015-11",126
"sarpanch_inauguralevents","citizen","leave_one_month_out_baseline_SE",3507,0.131278334118109,0.0206284093647225,488.656786832996,4.53118916992147e-10,0.090747006140019,0.1718096620962,"2015-12",29
"sarpanch_inauguralevents","citizen","leave_one_month_out_baseline_SE",3528,0.131721054120866,0.020564866688168,488.015781446257,3.53826219190219e-10,0.0913144449575919,0.172127663284139,"2016-01",8
"sarpanch_inauguralevents","citizen","leave_one_month_out_baseline_SE",3518,0.130715818967645,0.0205895271253795,488.280389523962,4.97062728576275e-10,0.0902608105710767,0.171170827364214,"2016-03",18
"sarpanch_inauguralevents","citizen","leave_one_month_out_baseline_SE",3515,0.130784173878418,0.020571915643094,488.605144122462,4.71344117811068e-10,0.0903638358806671,0.171204511876169,"2016-08",21
"sarpanch_inauguralevents","citizen","leave_one_month_out_baseline_SE",3524,0.132430673416527,0.0205727756443659,488.049395941151,2.91405000098281e-10,0.0920085313657464,0.172852815467308,"2016-10",12
"sarpanch_inauguralevents","citizen","leave_one_month_out_baseline_SE",3515,0.133107593952766,0.0205777286584966,488.605144122467,2.40595259066027e-10,0.0926758343620313,0.1735393535435,"2016-11",21
"sarpanch_inauguralevents","citizen","leave_one_month_out_baseline_SE",3518,0.132571967459524,0.0205561457763101,488.280389523943,2.70678837365876e-10,0.0921825478814198,0.172961387037629,"2017-02",18
"sarpanch_inauguralevents","citizen","leave_one_month_out_baseline_SE",3530,0.131367226871696,0.0205537627920105,487.815534831959,3.84606119705841e-10,0.0909823938389494,0.171752059904442,"2017-05",6
"sarpanch_inauguralevents","citizen","leave_one_month_out_baseline_SE",3530,0.132290161804783,0.0205476061675073,487.815534831959,2.89674149411577e-10,0.0919174255474604,0.172662898062106,"2017-06",6
"sarpanch_inauguralevents","citizen","leave_one_month_out_baseline_SE",3531,0.13444556875891,0.0203832591000733,485.246680388295,1.10738814206039e-10,0.09439522068367,0.174495916834151,"2017-08",5
"sarpanch_inauguralevents","citizen","leave_one_month_out_baseline_SE",3514,0.135018855570346,0.0206115228133256,477.865046016784,1.48400655387833e-10,0.0945184359130039,0.175519275227687,"2017-09",22
"sarpanch_inauguralevents","citizen","leave_one_month_out_baseline_SE",3110,0.130406104608758,0.0225394097407901,299.969133504359,1.81560727661632e-08,0.0860507138217957,0.17476149539572,"2017-10",426
"sarpanch_inauguralevents","citizen","leave_one_month_out_baseline_SE",3344,0.13483545241008,0.0213136075954837,403.12168272012,6.68521519889526e-10,0.0929357528245534,0.176735151995606,"2017-11",192
"sarpanch_inauguralevents","citizen","leave_one_month_out_baseline_SE",3322,0.122244397477228,0.0218287569491233,393.772416652379,4.02499422848102e-08,0.0793289150120095,0.165159879942447,"2017-12",214
"sarpanch_inauguralevents","citizen","leave_one_month_out_baseline_SE",3488,0.130109064057857,0.0206989452733331,467.342086901873,7.48822051786094e-10,0.0894345390505992,0.170783589065114,"2018-01",48
"sarpanch_inauguralevents","citizen","leave_one_month_out_baseline_SE",3505,0.131088750969099,0.0207537301690999,474.999902657066,6.16164545659508e-10,0.0903082777278866,0.171869224210311,"2018-02",31
"sarpanch_inauguralevents","citizen","leave_one_month_out_baseline_SE",3530,0.134262152816049,0.0204156906387665,485.072489330809,1.24929490961696e-10,0.0941480451347091,0.174376260497389,"2018-03",6
"sarpanch_inauguralevents","citizen","leave_one_month_out_baseline_SE",3531,0.131500060658763,0.0205720543202824,485.246680388295,3.84450940133869e-10,0.0910787555031464,0.17192136581438,"2018-04",5
"sarpanch_inauguralevents","citizen","leave_one_month_out_baseline_SE",3458,0.134313765867265,0.0208806009692148,454.695653534442,3.18499082073579e-10,0.0932793145744674,0.175348217160063,"2018-05",78
"sarpanch_inauguralevents","citizen","leave_one_month_out_baseline_SE",3533,0.131870414986057,0.0205549636149655,485.887767731896,3.33538026878429e-10,0.0914828239937252,0.172258005978388,"2018-06",3
"sarpanch_inauguralevents","citizen","leave_one_month_out_baseline_SE",3513,0.131848465907918,0.0207088609446476,477.688659257951,4.53711854467159e-10,0.0911567444461149,0.17254018736972,"2018-07",23
"sarpanch_inauguralevents","citizen","leave_one_month_out_baseline_SE",3505,0.128085747966096,0.0206875836094359,474.901295770162,1.29112974341099e-09,0.0874352292208332,0.168736266711358,"2018-08",31
"sarpanch_inauguralevents","citizen","leave_one_month_out_baseline_SE",3490,0.135049431467364,0.0207939098181244,467.699532278362,2.1308204379655e-10,0.0941883771752681,0.175910485759461,"2018-09",46
"sarpanch_inauguralevents","citizen","leave_one_month_out_baseline_SE",3531,0.131500060658762,0.0205720543202823,485.246680388285,3.84450940133875e-10,0.0910787555031458,0.171921365814379,"2018-10",5
"sarpanch_inauguralevents","citizen","leave_one_month_out_baseline_SE",3530,0.130577554437272,0.0205519529859529,485.072489330809,4.85231001616883e-10,0.0901957094275867,0.170959399446957,"2018-11",6
"sarpanch_inauguralevents","citizen","leave_one_month_out_baseline_SE",3471,0.132185379184373,0.0206481590376197,459.831548312882,3.79400458064077e-10,0.091608931091032,0.172761827277713,"2018-12",65
"sarpanch_inauguralevents","citizen","leave_one_month_out_baseline_SE",3495,0.131449929091247,0.020857568178495,470.071986559317,6.75833417521839e-10,0.090464319654011,0.172435538528483,"2019-01",41
"sarpanch_inauguralevents","citizen","leave_one_month_out_baseline_SE",3513,0.131102197251203,0.0206959536245428,477.688659257951,5.49942579748778e-10,0.0904358379315257,0.171768556570881,"2019-02",23
"sarpanch_inauguralevents","citizen","leave_one_month_out_baseline_SE",3488,0.131629976605384,0.0208500214193999,467.441034333858,6.36143596120228e-10,0.0906586014781894,0.172601351732578,"2019-03",48
"sarpanch_inauguralevents","citizen","leave_one_month_out_baseline_SE",3531,0.130763683633726,0.0205526883557093,485.246680388295,4.60035222364886e-10,0.0903804299799897,0.171146937287463,"2019-05",5
"sarpanch_inauguralevents","citizen","leave_one_month_out_baseline_SE",3525,0.131122068310113,0.0205997952332607,482.734079499827,4.54106394944182e-10,0.0906457292472315,0.171598407372994,"2019-06",11
"sarpanch_inauguralevents","citizen","leave_one_month_out_baseline_SE",3530,0.131314474113026,0.0205780939216356,485.072489330809,4.10670141498408e-10,0.0908812656531679,0.171747682572884,"2019-07",6
"sarpanch_inauguralevents","citizen","leave_one_month_out_baseline_SE",3530,0.130577554437271,0.0205519529859529,485.072489330806,4.85231001616964e-10,0.0901957094275861,0.170959399446956,"2019-08",6
"sarpanch_inauguralevents","citizen","leave_one_month_out_baseline_SE",3524,0.131675570208771,0.0206253665586072,482.559215436186,4.05299685832419e-10,0.0911489493847334,0.172202191032808,"2019-12",12
"sarpanch_inauguralevents","citizen","leave_one_month_out_baseline_SE",3531,0.133709191733874,0.0204706612177755,485.246680388296,1.64412409824766e-10,0.093487110315143,0.173931273152605,"2020-01",5
"sarpanch_inauguralevents","citizen","leave_one_month_out_baseline_SE",3525,0.131327953044756,0.0205750949997795,487.972321304117,4.04821416772387e-10,0.0909012379659661,0.171754668123546,"2020-02",11
"sarpanch_inauguralevents","citizen","leave_one_month_out_baseline_SE",3500,0.133936501516963,0.0206368260853032,488.95559303833,2.10700477472736e-10,0.0933886976326603,0.174484305401266,"2020-12",36
"sarpanch_inauguralevents","citizen","leave_one_month_out_baseline_SE",2638,0.0910943276797152,0.022246856024407,440.430130655184,5.03009093067551e-05,0.047371139379463,0.134817515979967,"2021-01",898
"sarpanch_inauguralevents","citizen","leave_one_month_out_baseline_SE",3259,0.140754292931639,0.0212565427059542,494.324153062223,9.27853538799992e-11,0.0989899782507362,0.182518607612541,"2021-02",277
"sarpanch_inauguralevents","citizen","leave_one_month_out_baseline_SE",3518,0.132107930336553,0.0206064984671422,488.280389523934,3.41408895482935e-10,0.0916195760661656,0.17259628460694,"2021-03",18
"other_nominate_BDO","citizen","leave_one_month_out_baseline_SE",3591,-0.0503437334743522,0.0135444452068365,491.611129510055,0.000224843249924324,-0.0769558755099157,-0.0237315914387887,"2015-01",12
"other_nominate_BDO","citizen","leave_one_month_out_baseline_SE",3590,-0.052697153027817,0.0136159998879549,491.701185247956,0.000123389821534099,-0.079449873693671,-0.025944432361963,"2015-04",13
"other_nominate_BDO","citizen","leave_one_month_out_baseline_SE",3591,-0.0517098536929317,0.0136133811208527,491.611129510055,0.000163830996410066,-0.0784574410942622,-0.0249622662916012,"2015-05",12
"other_nominate_BDO","citizen","leave_one_month_out_baseline_SE",3562,-0.0516390365088578,0.0136013527556194,492.602267067625,0.000164982580262338,-0.0783628578663034,-0.0249152151514122,"2015-06",41
"other_nominate_BDO","citizen","leave_one_month_out_baseline_SE",3482,-0.0508551830498754,0.0136835111740216,495.593363720794,0.000224994702915911,-0.0777400289295726,-0.0239703371701783,"2015-07",121
"other_nominate_BDO","citizen","leave_one_month_out_baseline_SE",3331,-0.055558888000238,0.0142304036971216,497.327967496668,0.000107562789499958,-0.0835180089273944,-0.0275997670730817,"2015-08",272
"other_nominate_BDO","citizen","leave_one_month_out_baseline_SE",3567,-0.0507940751302003,0.0136252756070291,492.469541540447,0.00021547234117452,-0.0775649176711158,-0.0240232325892848,"2015-09",36
"other_nominate_BDO","citizen","leave_one_month_out_baseline_SE",3417,-0.0502653606032559,0.0138932178659748,496.624741187919,0.000327310147850259,-0.0775620914937994,-0.0229686297127123,"2015-10",186
"other_nominate_BDO","citizen","leave_one_month_out_baseline_SE",3478,-0.0468537761740804,0.0136388424651979,494.913900747134,0.000641626328009577,-0.0736509487236287,-0.0200566036245321,"2015-11",125
"other_nominate_BDO","citizen","leave_one_month_out_baseline_SE",3573,-0.0494179329956457,0.0135832011264458,492.259546230374,0.000303577494810106,-0.0761061359507519,-0.0227297300405395,"2015-12",30
"other_nominate_BDO","citizen","leave_one_month_out_baseline_SE",3595,-0.0527696318018888,0.0135949874783705,491.584308723834,0.000117954184708482,-0.0794810829492627,-0.0260581806545149,"2016-01",8
"other_nominate_BDO","citizen","leave_one_month_out_baseline_SE",3585,-0.052624343300437,0.0136315315909109,491.830282912304,0.00012826327899897,-0.0794075633143718,-0.0258411232865022,"2016-03",18
"other_nominate_BDO","citizen","leave_one_month_out_baseline_SE",3585,-0.0512544802867378,0.0136172433833805,491.891721639906,0.00018744831066078,-0.0780096186008901,-0.0244993419725856,"2016-08",18
"other_nominate_BDO","citizen","leave_one_month_out_baseline_SE",3591,-0.053075973911511,0.0136053948163727,491.611129510057,0.000109085941778177,-0.07980786981231,-0.0263440780107121,"2016-10",12
"other_nominate_BDO","citizen","leave_one_month_out_baseline_SE",3582,-0.0533120934554633,0.0136186598844041,492.208957695949,0.00010330208162804,-0.0800699723719487,-0.0265542145389779,"2016-11",21
"other_nominate_BDO","citizen","leave_one_month_out_baseline_SE",3585,-0.0507978592821722,0.0135548419639099,491.830282912302,0.000199738933007058,-0.0774303995915518,-0.0241653189727926,"2017-02",18
"other_nominate_BDO","citizen","leave_one_month_out_baseline_SE",3597,-0.05216274550018,0.0136026952368787,491.38903675479,0.000142050050541437,-0.0788893670752097,-0.0254361239251502,"2017-05",6
"other_nominate_BDO","citizen","leave_one_month_out_baseline_SE",3597,-0.05216274550018,0.0136026952368787,491.38903675479,0.000142050050541436,-0.0788893670752097,-0.0254361239251502,"2017-06",6
"other_nominate_BDO","citizen","leave_one_month_out_baseline_SE",3596,-0.0522986885519789,0.0136190265950013,488.589989466551,0.000139156154844835,-0.0790577765299146,-0.0255396005740433,"2017-08",7
"other_nominate_BDO","citizen","leave_one_month_out_baseline_SE",3579,-0.0530575111787664,0.0136604639773735,481.169704542375,0.000117115706744765,-0.0798990444908726,-0.0262159778666602,"2017-09",24
"other_nominate_BDO","citizen","leave_one_month_out_baseline_SE",3171,-0.0574997742561748,0.0149224530668465,303.246610358558,0.000142286389450525,-0.0868644412377333,-0.0281351072746164,"2017-10",432
"other_nominate_BDO","citizen","leave_one_month_out_baseline_SE",3406,-0.0548846507464133,0.0138943744150436,406.319575962068,9.20743693982714e-05,-0.0821984836872126,-0.0275708178056139,"2017-11",197
"other_nominate_BDO","citizen","leave_one_month_out_baseline_SE",3381,-0.0490728900255752,0.0144700712077899,395.826423188662,0.000765542474727613,-0.0775206919044756,-0.0206250881466748,"2017-12",222
"other_nominate_BDO","citizen","leave_one_month_out_baseline_SE",3557,-0.0519312480527714,0.0137113221988356,471.440641077756,0.000171867604849619,-0.078874115049564,-0.0249883810559789,"2018-01",46
"other_nominate_BDO","citizen","leave_one_month_out_baseline_SE",3571,-0.0531190521760408,0.0134945196658424,478.479087084051,9.50127183377622e-05,-0.0796348964277433,-0.0266032079243384,"2018-02",32
"other_nominate_BDO","citizen","leave_one_month_out_baseline_SE",3597,-0.0531016214355026,0.013581872064807,488.67574374642,0.000105450440053296,-0.0797876954056822,-0.0264155474653231,"2018-03",6
"other_nominate_BDO","citizen","leave_one_month_out_baseline_SE",3597,-0.0516617366262875,0.0136054396745543,488.67574374642,0.000164794452658685,-0.0783941169505555,-0.0249293563020196,"2018-04",6
"other_nominate_BDO","citizen","leave_one_month_out_baseline_SE",3523,-0.0527435664297129,0.0138412884737804,458.225502164303,0.000157548779822909,-0.0799438372579856,-0.0255432956014402,"2018-05",80
"other_nominate_BDO","citizen","leave_one_month_out_baseline_SE",3597,-0.0516617366262877,0.0136054396745543,488.675743746419,0.000164794452658676,-0.0783941169505557,-0.0249293563020198,"2018-06",6
"other_nominate_BDO","citizen","leave_one_month_out_baseline_SE",3579,-0.0515987219738072,0.0136453860807155,481.16970454237,0.000175562889179763,-0.0784106286300332,-0.0247868153175812,"2018-07",24
"other_nominate_BDO","citizen","leave_one_month_out_baseline_SE",3572,-0.0524698244719285,0.0136885801178128,478.566520586332,0.000143424749221342,-0.0793669722965603,-0.0255726766472967,"2018-08",31
"other_nominate_BDO","citizen","leave_one_month_out_baseline_SE",3556,-0.0511036210381466,0.013745971630434,471.255506189219,0.000225200094684,-0.0781146017794561,-0.0240926402968371,"2018-09",47
"other_nominate_BDO","citizen","leave_one_month_out_baseline_SE",3599,-0.0518283947530187,0.0136005220261382,489.130103900705,0.000156200893767564,-0.0785510511029782,-0.0251057384030592,"2018-10",4
"other_nominate_BDO","citizen","leave_one_month_out_baseline_SE",3597,-0.0516617366262879,0.0136054396745543,488.675743746419,0.000164794452658665,-0.0783941169505559,-0.02492935630202,"2018-11",6
"other_nominate_BDO","citizen","leave_one_month_out_baseline_SE",3537,-0.0562105375077696,0.0136376807594324,463.432500025971,4.45594883455322e-05,-0.0830098903241297,-0.0294111846914094,"2018-12",66
"other_nominate_BDO","citizen","leave_one_month_out_baseline_SE",3562,-0.0501426262496537,0.0137476803703969,473.789016235375,0.000294347192532237,-0.0771565927518124,-0.0231286597474951,"2019-01",41
"other_nominate_BDO","citizen","leave_one_month_out_baseline_SE",3580,-0.0516832509401276,0.0136821999814389,481.35199198185,0.000178312265996913,-0.0785674677938177,-0.0247990340864376,"2019-02",23
"other_nominate_BDO","citizen","leave_one_month_out_baseline_SE",3554,-0.0479587936343862,0.0137564460454066,470.981164666664,0.000535657737396208,-0.0749903972539328,-0.0209271900148395,"2019-03",49
"other_nominate_BDO","citizen","leave_one_month_out_baseline_SE",3599,-0.0525473020139822,0.0135991017019436,489.130103900707,0.000126557471115982,-0.0792671676743427,-0.0258274363536216,"2019-05",4
"other_nominate_BDO","citizen","leave_one_month_out_baseline_SE",3591,-0.0518819359300823,0.0136340324037385,486.180494736695,0.000159685617244453,-0.0786708374695813,-0.0250930343905834,"2019-06",12
"other_nominate_BDO","citizen","leave_one_month_out_baseline_SE",3597,-0.0516617366262877,0.0136054396745543,488.675743746419,0.000164794452658676,-0.0783941169505557,-0.0249293563020198,"2019-07",6
"other_nominate_BDO","citizen","leave_one_month_out_baseline_SE",3597,-0.0523816790308958,0.0136128772640653,488.675743746418,0.000134907517556951,-0.0791286729565069,-0.0256346851052848,"2019-08",6
"other_nominate_BDO","citizen","leave_one_month_out_baseline_SE",3591,-0.0518819359300817,0.0136340324037385,486.180494736692,0.00015968561724448,-0.0786708374695806,-0.0250930343905828,"2019-12",12
"other_nominate_BDO","citizen","leave_one_month_out_baseline_SE",3597,-0.0516617366262879,0.0136054396745543,488.675743746419,0.000164794452658665,-0.0783941169505559,-0.02492935630202,"2020-01",6
"other_nominate_BDO","citizen","leave_one_month_out_baseline_SE",3593,-0.0520127453762136,0.0136038791925951,491.476789184205,0.000148556823031226,-0.0787416814082865,-0.0252838093441407,"2020-02",10
"other_nominate_BDO","citizen","leave_one_month_out_baseline_SE",3567,-0.0517148854432759,0.0136564169148849,492.469541540403,0.000171405901915084,-0.0785469141996611,-0.0248828566868907,"2020-12",36
"other_nominate_BDO","citizen","leave_one_month_out_baseline_SE",2693,-0.060242667241027,0.0161254721535701,442.120687469522,0.000211565597187299,-0.0919347690887633,-0.0285505653932906,"2021-01",910
"other_nominate_BDO","citizen","leave_one_month_out_baseline_SE",3324,-0.0624001516190354,0.014180484466375,497.415013824294,1.32281986796263e-05,-0.0902611820708207,-0.0345391211672501,"2021-02",279
"other_nominate_BDO","citizen","leave_one_month_out_baseline_SE",3585,-0.0494279962684736,0.0135314042947869,491.830282912307,0.000287201661682305,-0.0760144862683522,-0.022841506268595,"2021-03",18
"formersarpanch_otherperson_inauguralevents","citizen","leave_one_month_out_baseline_SE",3527,-0.0572446747484004,0.0152245050819486,487.833593245093,0.000190491003828502,-0.087158372077469,-0.0273309774193318,"2015-01",9
"formersarpanch_otherperson_inauguralevents","citizen","leave_one_month_out_baseline_SE",3523,-0.0571608108475324,0.0152442348105945,488.141896637985,0.000198295273997607,-0.0871132268628598,-0.027208394832205,"2015-04",13
"formersarpanch_otherperson_inauguralevents","citizen","leave_one_month_out_baseline_SE",3524,-0.0570661187468234,0.0152417373270291,488.049395941154,0.000202645641513583,-0.0870136417249679,-0.027118595768679,"2015-05",12
"formersarpanch_otherperson_inauguralevents","citizen","leave_one_month_out_baseline_SE",3496,-0.05881341281659,0.0153125181809608,489.037619338946,0.000138727649426779,-0.0888998574665519,-0.0287269681666281,"2015-06",40
"formersarpanch_otherperson_inauguralevents","citizen","leave_one_month_out_baseline_SE",3417,-0.0560365366219905,0.0154291984834674,492.113223601131,0.000310914391806244,-0.0863517678026803,-0.0257213054413008,"2015-07",119
"formersarpanch_otherperson_inauguralevents","citizen","leave_one_month_out_baseline_SE",3273,-0.0603845843592623,0.0156289187711683,493.826560976244,0.000126600975279682,-0.0910919625505747,-0.0296772061679499,"2015-08",263
"formersarpanch_otherperson_inauguralevents","citizen","leave_one_month_out_baseline_SE",3500,-0.0570234601135517,0.0152774727446807,488.955593038364,0.000211854681510336,-0.0870410590475398,-0.0270058611795636,"2015-09",36
"formersarpanch_otherperson_inauguralevents","citizen","leave_one_month_out_baseline_SE",3360,-0.0628466544277156,0.0156773445048268,492.696982038823,7.04912524196639e-05,-0.0936493520028134,-0.0320439568526179,"2015-10",176
"formersarpanch_otherperson_inauguralevents","citizen","leave_one_month_out_baseline_SE",3410,-0.0538013326590352,0.0153767179537034,491.638136869357,0.000509662065824111,-0.0840135222688383,-0.0235891430492322,"2015-11",126
"formersarpanch_otherperson_inauguralevents","citizen","leave_one_month_out_baseline_SE",3507,-0.0572886439044689,0.0152831651079681,488.656786832996,0.000199186149069222,-0.0873174729131518,-0.027259814895786,"2015-12",29
"formersarpanch_otherperson_inauguralevents","citizen","leave_one_month_out_baseline_SE",3528,-0.0576120126266769,0.0152295458422228,488.015781446257,0.000174249136408145,-0.0875355864534362,-0.0276884387999176,"2016-01",8
"formersarpanch_otherperson_inauguralevents","citizen","leave_one_month_out_baseline_SE",3518,-0.0557794410786898,0.0152364447467045,488.280389523962,0.000278724779185229,-0.0857165297941465,-0.0258423523632332,"2016-03",18
"formersarpanch_otherperson_inauguralevents","citizen","leave_one_month_out_baseline_SE",3515,-0.0551334117011727,0.015132005119666,488.605144122462,0.000297738794808405,-0.0848652447561039,-0.0254015786462415,"2016-08",21
"formersarpanch_otherperson_inauguralevents","citizen","leave_one_month_out_baseline_SE",3524,-0.0570661187468234,0.0152417373270291,488.049395941151,0.000202645641513582,-0.0870136417249679,-0.027118595768679,"2016-10",12
"formersarpanch_otherperson_inauguralevents","citizen","leave_one_month_out_baseline_SE",3515,-0.0574568317755228,0.015230779528301,488.605144122467,0.000181503067815905,-0.087382739852529,-0.0275309236985167,"2016-11",21
"formersarpanch_otherperson_inauguralevents","citizen","leave_one_month_out_baseline_SE",3518,-0.0576355895705697,0.0152234659327769,488.280389523943,0.000172168844091299,-0.087547177067702,-0.0277240020734374,"2017-02",18
"formersarpanch_otherperson_inauguralevents","citizen","leave_one_month_out_baseline_SE",3530,-0.0569612688967214,0.0152214312534525,487.815534831959,0.000204146692140562,-0.0868689294020306,-0.0270536083914122,"2017-05",6
"formersarpanch_otherperson_inauguralevents","citizen","leave_one_month_out_baseline_SE",3530,-0.0574227363632649,0.0152251938373403,487.815534831959,0.000182142194078301,-0.0873377897398269,-0.0275076829867028,"2017-06",6
"formersarpanch_otherperson_inauguralevents","citizen","leave_one_month_out_baseline_SE",3531,-0.0575106051168894,0.0152324508508514,485.246680388295,0.000179454007740769,-0.0874403114322743,-0.0275808988015045,"2017-08",5
"formersarpanch_otherperson_inauguralevents","citizen","leave_one_month_out_baseline_SE",3514,-0.0601178520332748,0.0152183984920926,477.865046016784,8.98051614142228e-05,-0.0900211023183011,-0.0302146017482485,"2017-09",22
"formersarpanch_otherperson_inauguralevents","citizen","leave_one_month_out_baseline_SE",3110,-0.0457678671146468,0.0169237258758159,299.969133504359,0.00723441133889034,-0.0790721321076538,-0.0124636021216398,"2017-10",426
"formersarpanch_otherperson_inauguralevents","citizen","leave_one_month_out_baseline_SE",3344,-0.0544871202865064,0.0159865005338706,403.12168272012,0.000719472018909617,-0.0859144404523788,-0.023059800120634,"2017-11",192
"formersarpanch_otherperson_inauguralevents","citizen","leave_one_month_out_baseline_SE",3322,-0.0577015888883958,0.0159196658236991,393.772416652379,0.000327425741532215,-0.0889997585964306,-0.0264034191803611,"2017-12",214
"formersarpanch_otherperson_inauguralevents","citizen","leave_one_month_out_baseline_SE",3488,-0.0557365804664581,0.0153348792139803,467.342086901873,0.000309277336411487,-0.0858704312417383,-0.0256027296911779,"2018-01",48
"formersarpanch_otherperson_inauguralevents","citizen","leave_one_month_out_baseline_SE",3505,-0.0591403644786057,0.0153074752617072,474.999902657066,0.000127293132306691,-0.0892191059970824,-0.0290616229601291,"2018-02",31
"formersarpanch_otherperson_inauguralevents","citizen","leave_one_month_out_baseline_SE",3530,-0.0581389946489391,0.0152166913751627,485.072489330809,0.00015034284758449,-0.0880377625709962,-0.028240226726882,"2018-03",6
"formersarpanch_otherperson_inauguralevents","citizen","leave_one_month_out_baseline_SE",3531,-0.0567742280918524,0.0152244257563234,485.246680388295,0.000214802332487085,-0.0866881661815769,-0.026860290002128,"2018-04",5
"formersarpanch_otherperson_inauguralevents","citizen","leave_one_month_out_baseline_SE",3458,-0.0631517688791144,0.0151599114720965,454.695653534442,3.71536415253769e-05,-0.0929439501397033,-0.0333595876185255,"2018-05",78
"formersarpanch_otherperson_inauguralevents","citizen","leave_one_month_out_baseline_SE",3533,-0.0569918924771924,0.015218993107707,485.887767731896,0.000202182612084494,-0.0868950574967433,-0.0270887274576415,"2018-06",3
"formersarpanch_otherperson_inauguralevents","citizen","leave_one_month_out_baseline_SE",3513,-0.0562785474376852,0.0153101392358721,477.688659257951,0.000263887758529368,-0.0863620910469992,-0.0261950038283713,"2018-07",23
"formersarpanch_otherperson_inauguralevents","citizen","leave_one_month_out_baseline_SE",3505,-0.0546358599741006,0.0153253293370224,474.901295770162,0.000400587775609888,-0.0847497002008441,-0.024522019747357,"2018-08",31
"formersarpanch_otherperson_inauguralevents","citizen","leave_one_month_out_baseline_SE",3490,-0.0620373389017756,0.0153002085495968,467.699532278362,5.88034527146211e-05,-0.0921030003234939,-0.0319716774800573,"2018-09",46
"formersarpanch_otherperson_inauguralevents","citizen","leave_one_month_out_baseline_SE",3531,-0.0567742280918526,0.0152244257563233,485.246680388285,0.000214802332487059,-0.0866881661815769,-0.0268602900021283,"2018-10",5
"formersarpanch_otherperson_inauguralevents","citizen","leave_one_month_out_baseline_SE",3530,-0.0566651552974278,0.0152259525119415,485.072489330809,0.000221141655697341,-0.0865821201173793,-0.0267481904774764,"2018-11",6
"formersarpanch_otherperson_inauguralevents","citizen","leave_one_month_out_baseline_SE",3471,-0.056866133390815,0.0153032820906312,459.831548312882,0.000227366482455112,-0.0869391694555271,-0.0267930973261029,"2018-12",65
"formersarpanch_otherperson_inauguralevents","citizen","leave_one_month_out_baseline_SE",3495,-0.0580386576280343,0.0154140612561533,470.071986559317,0.000187426208649735,-0.0883276486110625,-0.0277496666450061,"2019-01",41
"formersarpanch_otherperson_inauguralevents","citizen","leave_one_month_out_baseline_SE",3513,-0.0570248160944005,0.0152927116942458,477.688659257951,0.000215395260729846,-0.087074115586111,-0.02697551660269,"2019-02",23
"formersarpanch_otherperson_inauguralevents","citizen","leave_one_month_out_baseline_SE",3488,-0.0572574930139862,0.0154699862562759,467.441034333858,0.000240147820293484,-0.0876568195839185,-0.0268581664440539,"2019-03",48
"formersarpanch_otherperson_inauguralevents","citizen","leave_one_month_out_baseline_SE",3531,-0.0567742280918521,0.0152244257563234,485.246680388295,0.000214802332487101,-0.0866881661815766,-0.0268602900021276,"2019-05",5
"formersarpanch_otherperson_inauguralevents","citizen","leave_one_month_out_baseline_SE",3525,-0.057596661011827,0.0152363247385638,482.734079499827,0.000176309329012782,-0.0875343686058583,-0.0276589534177958,"2019-06",11
"formersarpanch_otherperson_inauguralevents","citizen","leave_one_month_out_baseline_SE",3530,-0.0574020749731836,0.0152393101875736,485.072489330809,0.000185731253472093,-0.0873452858432031,-0.0274588641031642,"2019-07",6
"formersarpanch_otherperson_inauguralevents","citizen","leave_one_month_out_baseline_SE",3530,-0.0566651552974279,0.0152259525119415,485.072489330806,0.000221141655697336,-0.0865821201173794,-0.0267481904774765,"2019-08",6
"formersarpanch_otherperson_inauguralevents","citizen","leave_one_month_out_baseline_SE",3524,-0.0582279050169244,0.0152511871849825,482.559215436186,0.000152110244753022,-0.0881948429816836,-0.0282609670521652,"2019-12",12
"formersarpanch_otherperson_inauguralevents","citizen","leave_one_month_out_baseline_SE",3531,-0.058983359166963,0.0151407081391438,485.246680388296,0.000111664109341368,-0.0887328034585364,-0.0292339148753897,"2020-01",5
"formersarpanch_otherperson_inauguralevents","citizen","leave_one_month_out_baseline_SE",3525,-0.0574340489329809,0.0152312340029982,487.972321304117,0.000182670304145322,-0.0873609463467807,-0.0275071515191811,"2020-02",11
"formersarpanch_otherperson_inauguralevents","citizen","leave_one_month_out_baseline_SE",3500,-0.0570234601135515,0.0152918394226432,488.95559303833,0.000214741066341446,-0.0870692870918174,-0.0269776331352855,"2020-12",36
"formersarpanch_otherperson_inauguralevents","citizen","leave_one_month_out_baseline_SE",2638,-0.0415507890610391,0.0169354218327518,440.430130655184,0.0145344307176513,-0.0748350714299833,-0.00826650669209486,"2021-01",898
"formersarpanch_otherperson_inauguralevents","citizen","leave_one_month_out_baseline_SE",3259,-0.067721054635624,0.015915745746227,494.324153062223,2.50175926400314e-05,-0.0989919072348319,-0.0364502020364161,"2021-02",277
"formersarpanch_otherperson_inauguralevents","citizen","leave_one_month_out_baseline_SE",3518,-0.0571715524476001,0.0152621829633471,488.280389523934,0.000201155914270337,-0.0871592124930367,-0.0271838924021636,"2021-03",18
"resignation_reported","citizen","leave_one_month_out_baseline_SE",3568,-0.179752645553651,0.0197815719820586,494.200400176062,2.46114921197257e-18,-0.218618999142751,-0.140886291964551,"2015-01",10
"resignation_reported","citizen","leave_one_month_out_baseline_SE",3565,-0.175888066730159,0.0196125033927181,494.427874038362,6.23593464314133e-18,-0.214422194926643,-0.137353938533675,"2015-04",13
"resignation_reported","citizen","leave_one_month_out_baseline_SE",3566,-0.179946253388846,0.0198117326941437,494.335891411114,2.53915115726805e-18,-0.218871839822925,-0.141020666954768,"2015-05",12
"resignation_reported","citizen","leave_one_month_out_baseline_SE",3536,-0.17634261788035,0.0197177417774018,495.361873558677,7.52872676182797e-18,-0.215083336434411,-0.137601899326289,"2015-06",42
"resignation_reported","citizen","leave_one_month_out_baseline_SE",3457,-0.15899702064018,0.0191385163533116,498.140283367628,9.30325944539638e-16,-0.196599183998441,-0.121394857281919,"2015-07",121
"resignation_reported","citizen","leave_one_month_out_baseline_SE",3306,-0.161903044837253,0.0203955549002241,499.483075012612,1.36332438144684e-14,-0.201974696770729,-0.121831392903777,"2015-08",272
"resignation_reported","citizen","leave_one_month_out_baseline_SE",3543,-0.170538257604047,0.0194767667497146,495.088107597395,3.21244850075684e-17,-0.20880556881001,-0.132270946398084,"2015-09",35
"resignation_reported","citizen","leave_one_month_out_baseline_SE",3396,-0.15525647298682,0.0197260192902992,498.80788553775,2.21190562716393e-14,-0.194012799144927,-0.116500146828714,"2015-10",182
"resignation_reported","citizen","leave_one_month_out_baseline_SE",3452,-0.180889418264456,0.0202178267169011,497.535608278796,7.22965271520838e-18,-0.220612260890747,-0.141166575638166,"2015-11",126
"resignation_reported","citizen","leave_one_month_out_baseline_SE",3549,-0.171839021227793,0.0195687861047799,494.886027684402,2.64755695589004e-17,-0.210287167511032,-0.133390874944555,"2015-12",29
"resignation_reported","citizen","leave_one_month_out_baseline_SE",3570,-0.18002001166195,0.0197797496517622,494.321036899645,2.19631511250134e-18,-0.21888276149734,-0.141157261826561,"2016-01",8
"resignation_reported","citizen","leave_one_month_out_baseline_SE",3560,-0.180991975824606,0.0198402858745059,494.547623657535,1.85513416888366e-18,-0.219973621858264,-0.142010329790948,"2016-03",18
"resignation_reported","citizen","leave_one_month_out_baseline_SE",3557,-0.17618800930891,0.0197113202661078,494.87305034236,7.8445095639723e-18,-0.214916204797917,-0.137459813819904,"2016-08",21
"resignation_reported","citizen","leave_one_month_out_baseline_SE",3566,-0.178561850989221,0.019728352219643,494.335891411114,3.26042400509975e-18,-0.217323613596419,-0.139800088382024,"2016-10",12
"resignation_reported","citizen","leave_one_month_out_baseline_SE",3556,-0.181846891762875,0.0198467200948528,495.014654700808,1.34683307176848e-18,-0.220841089321984,-0.142852694203765,"2016-11",22
"resignation_reported","citizen","leave_one_month_out_baseline_SE",3560,-0.181454724552042,0.0198319277025291,494.547623657557,1.49635701211468e-18,-0.220419948680111,-0.142489500423972,"2017-02",18
"resignation_reported","citizen","leave_one_month_out_baseline_SE",3572,-0.179366499047534,0.0197642789835024,494.121010622525,2.69750437290047e-18,-0.218198891088514,-0.140534107006554,"2017-05",6
"resignation_reported","citizen","leave_one_month_out_baseline_SE",3572,-0.180286885609894,0.0197586127725255,494.121010622525,1.83032306904459e-18,-0.219108144812372,-0.141465626407417,"2017-06",6
"resignation_reported","citizen","leave_one_month_out_baseline_SE",3572,-0.179578479824549,0.0197367023798739,491.425417997223,2.27882572382352e-18,-0.218357212277283,-0.140799747371815,"2017-08",6
"resignation_reported","citizen","leave_one_month_out_baseline_SE",3554,-0.179183779047929,0.019781253544641,483.948990322201,3.27350528460272e-18,-0.218051528196497,-0.140316029899361,"2017-09",24
"resignation_reported","citizen","leave_one_month_out_baseline_SE",3145,-0.187990103158607,0.0192603991225978,305.668223636931,9.10347380268841e-20,-0.225889854033658,-0.150090352283555,"2017-10",433
"resignation_reported","citizen","leave_one_month_out_baseline_SE",3379,-0.178895900260056,0.0202226686202941,408.899014592431,2.74640378241556e-17,-0.218649268534009,-0.139142531986103,"2017-11",199
"resignation_reported","citizen","leave_one_month_out_baseline_SE",3358,-0.177498529606958,0.0201345894248017,399.182480344435,3.7200180089275e-17,-0.217081613497804,-0.137915445716113,"2017-12",220
"resignation_reported","citizen","leave_one_month_out_baseline_SE",3530,-0.180861728041947,0.019788559665827,473.883550556874,1.83828095688942e-18,-0.219745903439939,-0.141977552643955,"2018-01",48
"resignation_reported","citizen","leave_one_month_out_baseline_SE",3548,-0.179780365806681,0.0197877351455011,481.631064866135,2.68228756587911e-18,-0.218661319633368,-0.140899411979995,"2018-02",30
"resignation_reported","citizen","leave_one_month_out_baseline_SE",3572,-0.179578479824549,0.0197367023798739,491.425417997223,2.27882572382352e-18,-0.218357212277283,-0.140799747371815,"2018-03",6
"resignation_reported","citizen","leave_one_month_out_baseline_SE",3572,-0.179578479824549,0.0197367023798739,491.425417997223,2.27882572382352e-18,-0.218357212277283,-0.140799747371815,"2018-04",6
"resignation_reported","citizen","leave_one_month_out_baseline_SE",3497,-0.177862769253485,0.0199331585399652,460.881168109816,1.07749957247654e-17,-0.217033908458421,-0.138691630048548,"2018-05",81
"resignation_reported","citizen","leave_one_month_out_baseline_SE",3572,-0.179578479824549,0.0197367023798739,491.425417997224,2.27882572382354e-18,-0.218357212277283,-0.140799747371815,"2018-06",6
"resignation_reported","citizen","leave_one_month_out_baseline_SE",3554,-0.179183779047929,0.0197812535446411,483.948990322195,3.27350528460293e-18,-0.218051528196497,-0.140316029899361,"2018-07",24
"resignation_reported","citizen","leave_one_month_out_baseline_SE",3549,-0.180532153301424,0.0197764886944752,481.71983106719,1.9092370695691e-18,-0.219390990919296,-0.141673315683553,"2018-08",29
"resignation_reported","citizen","leave_one_month_out_baseline_SE",3530,-0.178641150691836,0.0198432039535203,473.883550556884,5.36995027535294e-18,-0.217632701164267,-0.139649600219404,"2018-09",48
"resignation_reported","citizen","leave_one_month_out_baseline_SE",3572,-0.179578479824547,0.0197367023798737,491.42541799722,2.27882572382503e-18,-0.21835721227728,-0.140799747371813,"2018-10",6
"resignation_reported","citizen","leave_one_month_out_baseline_SE",3572,-0.179578479824549,0.0197367023798739,491.425417997224,2.27882572382354e-18,-0.218357212277283,-0.140799747371815,"2018-11",6
"resignation_reported","citizen","leave_one_month_out_baseline_SE",3512,-0.178221356624156,0.0198916823540892,466.266420429722,7.85600274982002e-18,-0.217309801321725,-0.139132911926586,"2018-12",66
"resignation_reported","citizen","leave_one_month_out_baseline_SE",3536,-0.17877860721167,0.0198274345251523,476.409898697764,4.73874369021686e-18,-0.217738642041814,-0.139818572381525,"2019-01",42
"resignation_reported","citizen","leave_one_month_out_baseline_SE",3555,-0.179932721965482,0.0197701742784033,484.131318506094,2.33389920545005e-18,-0.218778665030324,-0.14108677890064,"2019-02",23
"resignation_reported","citizen","leave_one_month_out_baseline_SE",3529,-0.179358863223027,0.0198369280194057,473.793300062666,3.96409359869773e-18,-0.218338100605334,-0.140379625840721,"2019-03",49
"resignation_reported","citizen","leave_one_month_out_baseline_SE",3573,-0.179600108772731,0.0197343332264598,491.605468874062,2.23749022417576e-18,-0.218374151245755,-0.140826066299707,"2019-05",5
"resignation_reported","citizen","leave_one_month_out_baseline_SE",3566,-0.17944805118532,0.0197513763895673,488.940451915427,2.56908012615967e-18,-0.218256102119022,-0.140640000251618,"2019-06",12
"resignation_reported","citizen","leave_one_month_out_baseline_SE",3572,-0.179578479824549,0.0197367023798739,491.425417997224,2.27882572382354e-18,-0.218357212277283,-0.140799747371815,"2019-07",6
"resignation_reported","citizen","leave_one_month_out_baseline_SE",3572,-0.179578479824549,0.0197367023798739,491.425417997216,2.27882572382379e-18,-0.218357212277283,-0.140799747371815,"2019-08",6
"resignation_reported","citizen","leave_one_month_out_baseline_SE",3566,-0.17944805118532,0.0197513763895673,488.940451915424,2.56908012615975e-18,-0.218256102119022,-0.140640000251618,"2019-12",12
"resignation_reported","citizen","leave_one_month_out_baseline_SE",3572,-0.182449980183487,0.0195438006602942,491.425417997224,3.47147058298927e-19,-0.220849698754912,-0.144050261612063,"2020-01",6
"resignation_reported","citizen","leave_one_month_out_baseline_SE",3567,-0.179849404819997,0.0197914924714437,494.260095618716,2.45382719884148e-18,-0.218735238416724,-0.14096357122327,"2020-02",11
"resignation_reported","citizen","leave_one_month_out_baseline_SE",3542,-0.182297734832934,0.0199602467673628,495.163334273939,1.69996839731649e-18,-0.221514957087793,-0.143080512578074,"2020-12",36
"resignation_reported","citizen","leave_one_month_out_baseline_SE",2684,-0.272702291520066,0.0278818689726003,440.693784471818,1.41472851044376e-20,-0.327500245723531,-0.217904337316601,"2021-01",894
"resignation_reported","citizen","leave_one_month_out_baseline_SE",3310,-0.202840931831026,0.0215916763863598,499.034508641096,2.05683638596584e-19,-0.245262725895875,-0.160419137766177,"2021-02",268
"resignation_reported","citizen","leave_one_month_out_baseline_SE",3561,-0.180894374797915,0.0198330611381681,494.471961513145,1.87953771986028e-18,-0.219861840496655,-0.141926909099175,"2021-03",17
